season,round,race_id,race_name,race_date,driver_id,driver_code,driver_name,constructor_id,constructor_name,qualifying_position,q1,q2,q3
2025,1,2025_1,Australian Grand Prix,2025-03-16,norris,NOR,Lando Norris,mclaren,McLaren,1,1:15.912,1:15.415,1:15.096
2025,1,2025_1,Australian Grand Prix,2025-03-16,piastri,PIA,Oscar Piastri,mclaren,McLaren,2,1:16.062,1:15.468,1:15.180
2025,1,2025_1,Australian Grand Prix,2025-03-16,max_verstappen,VER,Max Verstappen,red_bull,Red Bull,3,1:16.018,1:15.565,1:15.481
2025,1,2025_1,Australian Grand Prix,2025-03-16,russell,RUS,George Russell,mercedes,Mercedes,4,1:15.971,1:15.798,1:15.546
2025,1,2025_1,Australian Grand Prix,2025-03-16,tsunoda,TSU,Yuki Tsunoda,rb,RB F1 Team,5,1:16.225,1:16.009,1:15.670
2025,1,2025_1,Australian Grand Prix,2025-03-16,albon,ALB,Alexander Albon,williams,Williams,6,1:16.245,1:16.017,1:15.737
2025,1,2025_1,Australian Grand Prix,2025-03-16,leclerc,LEC,Charles Leclerc,ferrari,Ferrari,7,1:16.029,1:15.827,1:15.755
2025,1,2025_1,Australian Grand Prix,2025-03-16,hamilton,HAM,Lewis Hamilton,ferrari,Ferrari,8,1:16.213,1:15.919,1:15.973
2025,1,2025_1,Australian Grand Prix,2025-03-16,gasly,GAS,Pierre Gasly,alpine,Alpine F1 Team,9,1:16.328,1:16.112,1:15.980
2025,1,2025_1,Australian Grand Prix,2025-03-16,sainz,SAI,Carlos Sainz,williams,Williams,10,1:16.360,1:15.931,1:16.062
2025,1,2025_1,Australian Grand Prix,2025-03-16,hadjar,HAD,Isack Hadjar,rb,RB F1 Team,11,1:16.354,1:16.175,
2025,1,2025_1,Australian Grand Prix,2025-03-16,alonso,ALO,Fernando Alonso,aston_martin,Aston Martin,12,1:16.288,1:16.453,
2025,1,2025_1,Australian Grand Prix,2025-03-16,stroll,STR,Lance Stroll,aston_martin,Aston Martin,13,1:16.369,1:16.483,
2025,1,2025_1,Australian Grand Prix,2025-03-16,doohan,DOO,Jack Doohan,alpine,Alpine F1 Team,14,1:16.315,1:16.863,
2025,1,2025_1,Australian Grand Prix,2025-03-16,bortoleto,BOR,Gabriel Bortoleto,sauber,Sauber,15,1:16.516,1:17.520,
2025,1,2025_1,Australian Grand Prix,2025-03-16,antonelli,ANT,Andrea Kimi Antonelli,mercedes,Mercedes,16,1:16.525,,
2025,1,2025_1,Australian Grand Prix,2025-03-16,hulkenberg,HUL,Nico Hülkenberg,sauber,Sauber,17,1:16.579,,
2025,1,2025_1,Australian Grand Prix,2025-03-16,lawson,LAW,Liam Lawson,red_bull,Red Bull,18,1:17.094,,
2025,1,2025_1,Australian Grand Prix,2025-03-16,ocon,OCO,Esteban Ocon,haas,Haas F1 Team,19,1:17.147,,
2025,1,2025_1,Australian Grand Prix,2025-03-16,bearman,BEA,Oliver Bearman,haas,Haas F1 Team,20,,,
2025,2,2025_2,Chinese Grand Prix,2025-03-23,piastri,PIA,Oscar Piastri,mclaren,McLaren,1,1:31.591,1:31.200,1:30.641
2025,2,2025_2,Chinese Grand Prix,2025-03-23,russell,RUS,George Russell,mercedes,Mercedes,2,1:31.295,1:31.307,1:30.723
2025,2,2025_2,Chinese Grand Prix,2025-03-23,norris,NOR,Lando Norris,mclaren,McLaren,3,1:30.983,1:30.787,1:30.793
2025,2,2025_2,Chinese Grand Prix,2025-03-23,max_verstappen,VER,Max Verstappen,red_bull,Red Bull,4,1:31.424,1:31.142,1:30.817
2025,2,2025_2,Chinese Grand Prix,2025-03-23,hamilton,HAM,Lewis Hamilton,ferrari,Ferrari,5,1:31.690,1:31.501,1:30.927
2025,2,2025_2,Chinese Grand Prix,2025-03-23,leclerc,LEC,Charles Leclerc,ferrari,Ferrari,6,1:31.579,1:31.450,1:31.021
2025,2,2025_2,Chinese Grand Prix,2025-03-23,hadjar,HAD,Isack Hadjar,rb,RB F1 Team,7,1:31.162,1:31.253,1:31.079
2025,2,2025_2,Chinese Grand Prix,2025-03-23,antonelli,ANT,Andrea Kimi Antonelli,mercedes,Mercedes,8,1:31.676,1:31.590,1:31.103
2025,2,2025_2,Chinese Grand Prix,2025-03-23,tsunoda,TSU,Yuki Tsunoda,rb,RB F1 Team,9,1:31.238,1:31.260,1:31.638
2025,2,2025_2,Chinese Grand Prix,2025-03-23,albon,ALB,Alexander Albon,williams,Williams,10,1:31.503,1:31.595,1:31.706
2025,2,2025_2,Chinese Grand Prix,2025-03-23,ocon,OCO,Esteban Ocon,haas,Haas F1 Team,11,1:31.876,1:31.625,
2025,2,2025_2,Chinese Grand Prix,2025-03-23,hulkenberg,HUL,Nico Hülkenberg,sauber,Sauber,12,1:31.921,1:31.632,
2025,2,2025_2,Chinese Grand Prix,2025-03-23,alonso,ALO,Fernando Alonso,aston_martin,Aston Martin,13,1:31.719,1:31.688,
2025,2,2025_2,Chinese Grand Prix,2025-03-23,stroll,STR,Lance Stroll,aston_martin,Aston Martin,14,1:31.923,1:31.773,
2025,2,2025_2,Chinese Grand Prix,2025-03-23,sainz,SAI,Carlos Sainz,williams,Williams,15,1:31.628,1:31.840,
2025,2,2025_2,Chinese Grand Prix,2025-03-23,gasly,GAS,Pierre Gasly,alpine,Alpine F1 Team,16,1:31.992,,
2025,2,2025_2,Chinese Grand Prix,2025-03-23,bearman,BEA,Oliver Bearman,haas,Haas F1 Team,17,1:32.018,,
2025,2,2025_2,Chinese Grand Prix,2025-03-23,doohan,DOO,Jack Doohan,alpine,Alpine F1 Team,18,1:32.092,,
2025,2,2025_2,Chinese Grand Prix,2025-03-23,bortoleto,BOR,Gabriel Bortoleto,sauber,Sauber,19,1:32.141,,
2025,2,2025_2,Chinese Grand Prix,2025-03-23,lawson,LAW,Liam Lawson,red_bull,Red Bull,20,1:32.174,,
2025,3,2025_3,Japanese Grand Prix,2025-04-06,max_verstappen,VER,Max Verstappen,red_bull,Red Bull,1,1:27.943,1:27.502,1:26.983
2025,3,2025_3,Japanese Grand Prix,2025-04-06,norris,NOR,Lando Norris,mclaren,McLaren,2,1:27.845,1:27.146,1:26.995
2025,3,2025_3,Japanese Grand Prix,2025-04-06,piastri,PIA,Oscar Piastri,mclaren,McLaren,3,1:27.687,1:27.507,1:27.027
2025,3,2025_3,Japanese Grand Prix,2025-04-06,leclerc,LEC,Charles Leclerc,ferrari,Ferrari,4,1:27.920,1:27.555,1:27.299
2025,3,2025_3,Japanese Grand Prix,2025-04-06,russell,RUS,George Russell,mercedes,Mercedes,5,1:27.843,1:27.400,1:27.318
2025,3,2025_3,Japanese Grand Prix,2025-04-06,antonelli,ANT,Andrea Kimi Antonelli,mercedes,Mercedes,6,1:27.968,1:27.639,1:27.555
2025,3,2025_3,Japanese Grand Prix,2025-04-06,hadjar,HAD,Isack Hadjar,rb,RB F1 Team,7,1:28.278,1:27.775,1:27.569
2025,3,2025_3,Japanese Grand Prix,2025-04-06,hamilton,HAM,Lewis Hamilton,ferrari,Ferrari,8,1:27.942,1:27.610,1:27.610
2025,3,2025_3,Japanese Grand Prix,2025-04-06,albon,ALB,Alexander Albon,williams,Williams,9,1:28.218,1:27.783,1:27.615
2025,3,2025_3,Japanese Grand Prix,2025-04-06,bearman,BEA,Oliver Bearman,haas,Haas F1 Team,10,1:28.228,1:27.711,1:27.867
2025,3,2025_3,Japanese Grand Prix,2025-04-06,gasly,GAS,Pierre Gasly,alpine,Alpine F1 Team,11,1:28.186,1:27.822,
2025,3,2025_3,Japanese Grand Prix,2025-04-06,sainz,SAI,Carlos Sainz,williams,Williams,12,1:28.209,1:27.836,
2025,3,2025_3,Japanese Grand Prix,2025-04-06,alonso,ALO,Fernando Alonso,aston_martin,Aston Martin,13,1:28.337,1:27.897,
2025,3,2025_3,Japanese Grand Prix,2025-04-06,lawson,LAW,Liam Lawson,rb,RB F1 Team,14,1:28.554,1:27.906,
2025,3,2025_3,Japanese Grand Prix,2025-04-06,tsunoda,TSU,Yuki Tsunoda,red_bull,Red Bull,15,1:27.967,1:28.000,
2025,3,2025_3,Japanese Grand Prix,2025-04-06,hulkenberg,HUL,Nico Hülkenberg,sauber,Sauber,16,1:28.570,,
2025,3,2025_3,Japanese Grand Prix,2025-04-06,bortoleto,BOR,Gabriel Bortoleto,sauber,Sauber,17,1:28.622,,
2025,3,2025_3,Japanese Grand Prix,2025-04-06,ocon,OCO,Esteban Ocon,haas,Haas F1 Team,18,1:28.696,,
2025,3,2025_3,Japanese Grand Prix,2025-04-06,doohan,DOO,Jack Doohan,alpine,Alpine F1 Team,19,1:28.877,,
2025,3,2025_3,Japanese Grand Prix,2025-04-06,stroll,STR,Lance Stroll,aston_martin,Aston Martin,20,1:29.271,,
2025,4,2025_4,Bahrain Grand Prix,2025-04-13,piastri,PIA,Oscar Piastri,mclaren,McLaren,1,1:31.392,1:30.454,1:29.841
2025,4,2025_4,Bahrain Grand Prix,2025-04-13,russell,RUS,George Russell,mercedes,Mercedes,2,1:31.494,1:30.664,1:30.009
2025,4,2025_4,Bahrain Grand Prix,2025-04-13,leclerc,LEC,Charles Leclerc,ferrari,Ferrari,3,1:31.454,1:30.724,1:30.175
2025,4,2025_4,Bahrain Grand Prix,2025-04-13,antonelli,ANT,Andrea Kimi Antonelli,mercedes,Mercedes,4,1:31.415,1:30.716,1:30.213
2025,4,2025_4,Bahrain Grand Prix,2025-04-13,gasly,GAS,Pierre Gasly,alpine,Alpine F1 Team,5,1:31.462,1:30.643,1:30.216
2025,4,2025_4,Bahrain Grand Prix,2025-04-13,norris,NOR,Lando Norris,mclaren,McLaren,6,1:31.107,1:30.560,1:30.267
2025,4,2025_4,Bahrain Grand Prix,2025-04-13,max_verstappen,VER,Max Verstappen,red_bull,Red Bull,7,1:31.303,1:31.019,1:30.423
2025,4,2025_4,Bahrain Grand Prix,2025-04-13,sainz,SAI,Carlos Sainz,williams,Williams,8,1:31.591,1:30.844,1:30.680
2025,4,2025_4,Bahrain Grand Prix,2025-04-13,hamilton,HAM,Lewis Hamilton,ferrari,Ferrari,9,1:31.219,1:31.009,1:30.772
2025,4,2025_4,Bahrain Grand Prix,2025-04-13,tsunoda,TSU,Yuki Tsunoda,red_bull,Red Bull,10,1:31.751,1:31.228,1:31.303
2025,4,2025_4,Bahrain Grand Prix,2025-04-13,doohan,DOO,Jack Doohan,alpine,Alpine F1 Team,11,1:31.414,1:31.245,
2025,4,2025_4,Bahrain Grand Prix,2025-04-13,hadjar,HAD,Isack Hadjar,rb,RB F1 Team,12,1:31.591,1:31.271,
2025,4,2025_4,Bahrain Grand Prix,2025-04-13,alonso,ALO,Fernando Alonso,aston_martin,Aston Martin,13,1:31.634,1:31.886,
2025,4,2025_4,Bahrain Grand Prix,2025-04-13,ocon,OCO,Esteban Ocon,haas,Haas F1 Team,14,1:31.594,,
2025,4,2025_4,Bahrain Grand Prix,2025-04-13,albon,ALB,Alexander Albon,williams,Williams,15,1:32.040,,
2025,4,2025_4,Bahrain Grand Prix,2025-04-13,hulkenberg,HUL,Nico Hülkenberg,sauber,Sauber,16,1:32.067,,
2025,4,2025_4,Bahrain Grand Prix,2025-04-13,lawson,LAW,Liam Lawson,rb,RB F1 Team,17,1:32.165,,
2025,4,2025_4,Bahrain Grand Prix,2025-04-13,bortoleto,BOR,Gabriel Bortoleto,sauber,Sauber,18,1:32.186,,
2025,4,2025_4,Bahrain Grand Prix,2025-04-13,stroll,STR,Lance Stroll,aston_martin,Aston Martin,19,1:32.283,,
2025,4,2025_4,Bahrain Grand Prix,2025-04-13,bearman,BEA,Oliver Bearman,haas,Haas F1 Team,20,1:32.373,,
2025,5,2025_5,Saudi Arabian Grand Prix,2025-04-20,max_verstappen,VER,Max Verstappen,red_bull,Red Bull,1,1:27.778,1:27.529,1:27.294
2025,5,2025_5,Saudi Arabian Grand Prix,2025-04-20,piastri,PIA,Oscar Piastri,mclaren,McLaren,2,1:27.901,1:27.545,1:27.304
2025,5,2025_5,Saudi Arabian Grand Prix,2025-04-20,russell,RUS,George Russell,mercedes,Mercedes,3,1:28.282,1:27.599,1:27.407
2025,5,2025_5,Saudi Arabian Grand Prix,2025-04-20,leclerc,LEC,Charles Leclerc,ferrari,Ferrari,4,1:28.552,1:27.866,1:27.670
2025,5,2025_5,Saudi Arabian Grand Prix,2025-04-20,antonelli,ANT,Andrea Kimi Antonelli,mercedes,Mercedes,5,1:28.128,1:27.798,1:27.866
2025,5,2025_5,Saudi Arabian Grand Prix,2025-04-20,sainz,SAI,Carlos Sainz,williams,Williams,6,1:28.354,1:28.024,1:28.164
2025,5,2025_5,Saudi Arabian Grand Prix,2025-04-20,hamilton,HAM,Lewis Hamilton,ferrari,Ferrari,7,1:28.372,1:28.102,1:28.201
2025,5,2025_5,Saudi Arabian Grand Prix,2025-04-20,tsunoda,TSU,Yuki Tsunoda,red_bull,Red Bull,8,1:28.226,1:27.990,1:28.204
2025,5,2025_5,Saudi Arabian Grand Prix,2025-04-20,gasly,GAS,Pierre Gasly,alpine,Alpine F1 Team,9,1:28.421,1:28.025,1:28.367
2025,5,2025_5,Saudi Arabian Grand Prix,2025-04-20,norris,NOR,Lando Norris,mclaren,McLaren,10,1:27.805,1:27.481,
2025,5,2025_5,Saudi Arabian Grand Prix,2025-04-20,albon,ALB,Alexander Albon,williams,Williams,11,1:28.279,1:28.109,
2025,5,2025_5,Saudi Arabian Grand Prix,2025-04-20,lawson,LAW,Liam Lawson,rb,RB F1 Team,12,1:28.561,1:28.191,
2025,5,2025_5,Saudi Arabian Grand Prix,2025-04-20,alonso,ALO,Fernando Alonso,aston_martin,Aston Martin,13,1:28.548,1:28.303,
2025,5,2025_5,Saudi Arabian Grand Prix,2025-04-20,hadjar,HAD,Isack Hadjar,rb,RB F1 Team,14,1:28.571,1:28.418,
2025,5,2025_5,Saudi Arabian Grand Prix,2025-04-20,bearman,BEA,Oliver Bearman,haas,Haas F1 Team,15,1:28.536,1:28.648,
2025,5,2025_5,Saudi Arabian Grand Prix,2025-04-20,stroll,STR,Lance Stroll,aston_martin,Aston Martin,16,1:28.645,,
2025,5,2025_5,Saudi Arabian Grand Prix,2025-04-20,doohan,DOO,Jack Doohan,alpine,Alpine F1 Team,17,1:28.739,,
2025,5,2025_5,Saudi Arabian Grand Prix,2025-04-20,hulkenberg,HUL,Nico Hülkenberg,sauber,Sauber,18,1:28.782,,
2025,5,2025_5,Saudi Arabian Grand Prix,2025-04-20,ocon,OCO,Esteban Ocon,haas,Haas F1 Team,19,1:29.092,,
2025,5,2025_5,Saudi Arabian Grand Prix,2025-04-20,bortoleto,BOR,Gabriel Bortoleto,sauber,Sauber,20,1:29.462,,
2025,6,2025_6,Miami Grand Prix,2025-05-04,max_verstappen,VER,Max Verstappen,red_bull,Red Bull,1,1:26.870,1:26.643,1:26.204
2025,6,2025_6,Miami Grand Prix,2025-05-04,norris,NOR,Lando Norris,mclaren,McLaren,2,1:26.955,1:26.499,1:26.269
2025,6,2025_6,Miami Grand Prix,2025-05-04,antonelli,ANT,Andrea Kimi Antonelli,mercedes,Mercedes,3,1:27.077,1:26.606,1:26.271
2025,6,2025_6,Miami Grand Prix,2025-05-04,piastri,PIA,Oscar Piastri,mclaren,McLaren,4,1:27.006,1:26.269,1:26.375
2025,6,2025_6,Miami Grand Prix,2025-05-04,russell,RUS,George Russell,mercedes,Mercedes,5,1:27.014,1:26.575,1:26.385
2025,6,2025_6,Miami Grand Prix,2025-05-04,sainz,SAI,Carlos Sainz,williams,Williams,6,1:27.098,1:26.847,1:26.569
2025,6,2025_6,Miami Grand Prix,2025-05-04,albon,ALB,Alexander Albon,williams,Williams,7,1:27.042,1:26.855,1:26.682
2025,6,2025_6,Miami Grand Prix,2025-05-04,leclerc,LEC,Charles Leclerc,ferrari,Ferrari,8,1:27.417,1:26.948,1:26.754
2025,6,2025_6,Miami Grand Prix,2025-05-04,ocon,OCO,Esteban Ocon,haas,Haas F1 Team,9,1:27.450,1:26.967,1:26.824
2025,6,2025_6,Miami Grand Prix,2025-05-04,tsunoda,TSU,Yuki Tsunoda,red_bull,Red Bull,10,1:27.298,1:26.959,1:26.943
2025,6,2025_6,Miami Grand Prix,2025-05-04,hadjar,HAD,Isack Hadjar,rb,RB F1 Team,11,1:27.301,1:26.987,
2025,6,2025_6,Miami Grand Prix,2025-05-04,hamilton,HAM,Lewis Hamilton,ferrari,Ferrari,12,1:27.279,1:27.006,
2025,6,2025_6,Miami Grand Prix,2025-05-04,bortoleto,BOR,Gabriel Bortoleto,sauber,Sauber,13,1:27.343,1:27.151,
2025,6,2025_6,Miami Grand Prix,2025-05-04,doohan,DOO,Jack Doohan,alpine,Alpine F1 Team,14,1:27.422,1:27.186,
2025,6,2025_6,Miami Grand Prix,2025-05-04,lawson,LAW,Liam Lawson,rb,RB F1 Team,15,1:27.444,1:27.363,
2025,6,2025_6,Miami Grand Prix,2025-05-04,hulkenberg,HUL,Nico Hülkenberg,sauber,Sauber,16,1:27.473,,
2025,6,2025_6,Miami Grand Prix,2025-05-04,alonso,ALO,Fernando Alonso,aston_martin,Aston Martin,17,1:27.604,,
2025,6,2025_6,Miami Grand Prix,2025-05-04,gasly,GAS,Pierre Gasly,alpine,Alpine F1 Team,18,1:27.710,,
2025,6,2025_6,Miami Grand Prix,2025-05-04,stroll,STR,Lance Stroll,aston_martin,Aston Martin,19,1:27.830,,
2025,6,2025_6,Miami Grand Prix,2025-05-04,bearman,BEA,Oliver Bearman,haas,Haas F1 Team,20,1:27.999,,
2025,7,2025_7,Emilia Romagna Grand Prix,2025-05-18,piastri,PIA,Oscar Piastri,mclaren,McLaren,1,1:15.500,1:15.214,1:14.670
2025,7,2025_7,Emilia Romagna Grand Prix,2025-05-18,max_verstappen,VER,Max Verstappen,red_bull,Red Bull,2,1:15.175,1:15.394,1:14.704
2025,7,2025_7,Emilia Romagna Grand Prix,2025-05-18,russell,RUS,George Russell,mercedes,Mercedes,3,1:15.852,1:15.334,1:14.807
2025,7,2025_7,Emilia Romagna Grand Prix,2025-05-18,norris,NOR,Lando Norris,mclaren,McLaren,4,1:15.894,1:15.261,1:14.962
2025,7,2025_7,Emilia Romagna Grand Prix,2025-05-18,alonso,ALO,Fernando Alonso,aston_martin,Aston Martin,5,1:15.695,1:15.442,1:15.431
2025,7,2025_7,Emilia Romagna Grand Prix,2025-05-18,sainz,SAI,Carlos Sainz,williams,Williams,6,1:15.987,1:15.198,1:15.432
2025,7,2025_7,Emilia Romagna Grand Prix,2025-05-18,albon,ALB,Alexander Albon,williams,Williams,7,1:16.123,1:15.521,1:15.473
2025,7,2025_7,Emilia Romagna Grand Prix,2025-05-18,stroll,STR,Lance Stroll,aston_martin,Aston Martin,8,1:15.817,1:15.497,1:15.581
2025,7,2025_7,Emilia Romagna Grand Prix,2025-05-18,hadjar,HAD,Isack Hadjar,rb,RB F1 Team,9,1:16.253,1:15.510,1:15.746
2025,7,2025_7,Emilia Romagna Grand Prix,2025-05-18,gasly,GAS,Pierre Gasly,alpine,Alpine F1 Team,10,1:15.937,1:15.505,1:15.787
2025,7,2025_7,Emilia Romagna Grand Prix,2025-05-18,leclerc,LEC,Charles Leclerc,ferrari,Ferrari,11,1:16.108,1:15.604,
2025,7,2025_7,Emilia Romagna Grand Prix,2025-05-18,hamilton,HAM,Lewis Hamilton,ferrari,Ferrari,12,1:16.163,1:15.765,
2025,7,2025_7,Emilia Romagna Grand Prix,2025-05-18,antonelli,ANT,Andrea Kimi Antonelli,mercedes,Mercedes,13,1:15.943,1:15.772,
2025,7,2025_7,Emilia Romagna Grand Prix,2025-05-18,bortoleto,BOR,Gabriel Bortoleto,sauber,Sauber,14,1:16.340,1:16.260,
2025,7,2025_7,Emilia Romagna Grand Prix,2025-05-18,colapinto,COL,Franco Colapinto,alpine,Alpine F1 Team,15,1:16.256,,
2025,7,2025_7,Emilia Romagna Grand Prix,2025-05-18,lawson,LAW,Liam Lawson,rb,RB F1 Team,16,1:16.379,,
2025,7,2025_7,Emilia Romagna Grand Prix,2025-05-18,hulkenberg,HUL,Nico Hülkenberg,sauber,Sauber,17,1:16.518,,
2025,7,2025_7,Emilia Romagna Grand Prix,2025-05-18,ocon,OCO,Esteban Ocon,haas,Haas F1 Team,18,1:16.613,,
2025,7,2025_7,Emilia Romagna Grand Prix,2025-05-18,bearman,BEA,Oliver Bearman,haas,Haas F1 Team,19,1:16.918,,
2025,7,2025_7,Emilia Romagna Grand Prix,2025-05-18,tsunoda,TSU,Yuki Tsunoda,red_bull,Red Bull,20,,,
2025,8,2025_8,Monaco Grand Prix,2025-05-25,norris,NOR,Lando Norris,mclaren,McLaren,1,1:11.285,1:10.570,1:09.954
2025,8,2025_8,Monaco Grand Prix,2025-05-25,leclerc,LEC,Charles Leclerc,ferrari,Ferrari,2,1:11.229,1:10.581,1:10.063
2025,8,2025_8,Monaco Grand Prix,2025-05-25,piastri,PIA,Oscar Piastri,mclaren,McLaren,3,1:11.308,1:10.858,1:10.129
2025,8,2025_8,Monaco Grand Prix,2025-05-25,hamilton,HAM,Lewis Hamilton,ferrari,Ferrari,4,1:11.575,1:10.883,1:10.382
2025,8,2025_8,Monaco Grand Prix,2025-05-25,max_verstappen,VER,Max Verstappen,red_bull,Red Bull,5,1:11.431,1:10.875,1:10.669
2025,8,2025_8,Monaco Grand Prix,2025-05-25,hadjar,HAD,Isack Hadjar,rb,RB F1 Team,6,1:11.811,1:11.040,1:10.923
2025,8,2025_8,Monaco Grand Prix,2025-05-25,alonso,ALO,Fernando Alonso,aston_martin,Aston Martin,7,1:11.674,1:11.182,1:10.924
2025,8,2025_8,Monaco Grand Prix,2025-05-25,ocon,OCO,Esteban Ocon,haas,Haas F1 Team,8,1:11.839,1:11.262,1:10.942
2025,8,2025_8,Monaco Grand Prix,2025-05-25,lawson,LAW,Liam Lawson,rb,RB F1 Team,9,1:11.818,1:11.250,1:11.129
2025,8,2025_8,Monaco Grand Prix,2025-05-25,albon,ALB,Alexander Albon,williams,Williams,10,1:11.629,1:10.732,1:11.213
2025,8,2025_8,Monaco Grand Prix,2025-05-25,sainz,SAI,Carlos Sainz,williams,Williams,11,1:11.707,1:11.362,
2025,8,2025_8,Monaco Grand Prix,2025-05-25,tsunoda,TSU,Yuki Tsunoda,red_bull,Red Bull,12,1:11.800,1:11.415,
2025,8,2025_8,Monaco Grand Prix,2025-05-25,hulkenberg,HUL,Nico Hülkenberg,sauber,Sauber,13,1:11.871,1:11.596,
2025,8,2025_8,Monaco Grand Prix,2025-05-25,russell,RUS,George Russell,mercedes,Mercedes,14,1:11.507,,
2025,8,2025_8,Monaco Grand Prix,2025-05-25,antonelli,ANT,Andrea Kimi Antonelli,mercedes,Mercedes,15,1:11.880,,
2025,8,2025_8,Monaco Grand Prix,2025-05-25,bortoleto,BOR,Gabriel Bortoleto,sauber,Sauber,16,1:11.902,,
2025,8,2025_8,Monaco Grand Prix,2025-05-25,bearman,BEA,Oliver Bearman,haas,Haas F1 Team,17,1:11.979,,
2025,8,2025_8,Monaco Grand Prix,2025-05-25,gasly,GAS,Pierre Gasly,alpine,Alpine F1 Team,18,1:11.994,,
2025,8,2025_8,Monaco Grand Prix,2025-05-25,stroll,STR,Lance Stroll,aston_martin,Aston Martin,19,1:12.563,,
2025,8,2025_8,Monaco Grand Prix,2025-05-25,colapinto,COL,Franco Colapinto,alpine,Alpine F1 Team,20,1:12.597,,
2025,9,2025_9,Spanish Grand Prix,2025-06-01,piastri,PIA,Oscar Piastri,mclaren,McLaren,1,1:12.551,1:11.998,1:11.546
2025,9,2025_9,Spanish Grand Prix,2025-06-01,norris,NOR,Lando Norris,mclaren,McLaren,2,1:12.799,1:12.056,1:11.755
2025,9,2025_9,Spanish Grand Prix,2025-06-01,max_verstappen,VER,Max Verstappen,red_bull,Red Bull,3,1:12.798,1:12.358,1:11.848
2025,9,2025_9,Spanish Grand Prix,2025-06-01,russell,RUS,George Russell,mercedes,Mercedes,4,1:12.806,1:12.407,1:11.848
2025,9,2025_9,Spanish Grand Prix,2025-06-01,hamilton,HAM,Lewis Hamilton,ferrari,Ferrari,5,1:13.058,1:12.447,1:12.045
2025,9,2025_9,Spanish Grand Prix,2025-06-01,antonelli,ANT,Andrea Kimi Antonelli,mercedes,Mercedes,6,1:12.815,1:12.585,1:12.111
2025,9,2025_9,Spanish Grand Prix,2025-06-01,leclerc,LEC,Charles Leclerc,ferrari,Ferrari,7,1:13.014,1:12.495,1:12.131
2025,9,2025_9,Spanish Grand Prix,2025-06-01,gasly,GAS,Pierre Gasly,alpine,Alpine F1 Team,8,1:13.081,1:12.611,1:12.199
2025,9,2025_9,Spanish Grand Prix,2025-06-01,hadjar,HAD,Isack Hadjar,rb,RB F1 Team,9,1:13.139,1:12.461,1:12.252
2025,9,2025_9,Spanish Grand Prix,2025-06-01,alonso,ALO,Fernando Alonso,aston_martin,Aston Martin,10,1:13.102,1:12.523,1:12.284
2025,9,2025_9,Spanish Grand Prix,2025-06-01,albon,ALB,Alexander Albon,williams,Williams,11,1:13.044,1:12.641,
2025,9,2025_9,Spanish Grand Prix,2025-06-01,bortoleto,BOR,Gabriel Bortoleto,sauber,Sauber,12,1:13.045,1:12.756,
2025,9,2025_9,Spanish Grand Prix,2025-06-01,lawson,LAW,Liam Lawson,rb,RB F1 Team,13,1:13.039,1:12.763,
2025,9,2025_9,Spanish Grand Prix,2025-06-01,stroll,STR,Lance Stroll,aston_martin,Aston Martin,14,1:13.038,1:13.058,
2025,9,2025_9,Spanish Grand Prix,2025-06-01,bearman,BEA,Oliver Bearman,haas,Haas F1 Team,15,1:13.074,1:13.315,
2025,9,2025_9,Spanish Grand Prix,2025-06-01,hulkenberg,HUL,Nico Hülkenberg,sauber,Sauber,16,1:13.190,,
2025,9,2025_9,Spanish Grand Prix,2025-06-01,ocon,OCO,Esteban Ocon,haas,Haas F1 Team,17,1:13.201,,
2025,9,2025_9,Spanish Grand Prix,2025-06-01,sainz,SAI,Carlos Sainz,williams,Williams,18,1:13.203,,
2025,9,2025_9,Spanish Grand Prix,2025-06-01,colapinto,COL,Franco Colapinto,alpine,Alpine F1 Team,19,1:13.334,,
2025,9,2025_9,Spanish Grand Prix,2025-06-01,tsunoda,TSU,Yuki Tsunoda,red_bull,Red Bull,20,1:13.385,,
2025,10,2025_10,Canadian Grand Prix,2025-06-15,russell,RUS,George Russell,mercedes,Mercedes,1,1:12.075,1:11.570,1:10.899
2025,10,2025_10,Canadian Grand Prix,2025-06-15,max_verstappen,VER,Max Verstappen,red_bull,Red Bull,2,1:12.054,1:11.638,1:11.059
2025,10,2025_10,Canadian Grand Prix,2025-06-15,piastri,PIA,Oscar Piastri,mclaren,McLaren,3,1:11.939,1:11.715,1:11.120
2025,10,2025_10,Canadian Grand Prix,2025-06-15,antonelli,ANT,Andrea Kimi Antonelli,mercedes,Mercedes,4,1:12.279,1:11.974,1:11.391
2025,10,2025_10,Canadian Grand Prix,2025-06-15,hamilton,HAM,Lewis Hamilton,ferrari,Ferrari,5,1:11.952,1:11.885,1:11.526
2025,10,2025_10,Canadian Grand Prix,2025-06-15,alonso,ALO,Fernando Alonso,aston_martin,Aston Martin,6,1:12.073,1:11.805,1:11.586
2025,10,2025_10,Canadian Grand Prix,2025-06-15,norris,NOR,Lando Norris,mclaren,McLaren,7,1:11.826,1:11.599,1:11.625
2025,10,2025_10,Canadian Grand Prix,2025-06-15,leclerc,LEC,Charles Leclerc,ferrari,Ferrari,8,1:12.038,1:11.626,1:11.682
2025,10,2025_10,Canadian Grand Prix,2025-06-15,hadjar,HAD,Isack Hadjar,rb,RB F1 Team,9,1:12.211,1:12.003,1:11.867
2025,10,2025_10,Canadian Grand Prix,2025-06-15,albon,ALB,Alexander Albon,williams,Williams,10,1:12.090,1:11.892,1:11.907
2025,10,2025_10,Canadian Grand Prix,2025-06-15,tsunoda,TSU,Yuki Tsunoda,red_bull,Red Bull,11,1:12.334,1:12.102,
2025,10,2025_10,Canadian Grand Prix,2025-06-15,colapinto,COL,Franco Colapinto,alpine,Alpine F1 Team,12,1:12.234,1:12.142,
2025,10,2025_10,Canadian Grand Prix,2025-06-15,hulkenberg,HUL,Nico Hülkenberg,sauber,Sauber,13,1:12.323,1:12.183,
2025,10,2025_10,Canadian Grand Prix,2025-06-15,bearman,BEA,Oliver Bearman,haas,Haas F1 Team,14,1:12.306,1:12.340,
2025,10,2025_10,Canadian Grand Prix,2025-06-15,ocon,OCO,Esteban Ocon,haas,Haas F1 Team,15,1:12.378,1:12.634,
2025,10,2025_10,Canadian Grand Prix,2025-06-15,bortoleto,BOR,Gabriel Bortoleto,sauber,Sauber,16,1:12.385,,
2025,10,2025_10,Canadian Grand Prix,2025-06-15,sainz,SAI,Carlos Sainz,williams,Williams,17,1:12.398,,
2025,10,2025_10,Canadian Grand Prix,2025-06-15,stroll,STR,Lance Stroll,aston_martin,Aston Martin,18,1:12.517,,
2025,10,2025_10,Canadian Grand Prix,2025-06-15,lawson,LAW,Liam Lawson,rb,RB F1 Team,19,1:12.525,,
2025,10,2025_10,Canadian Grand Prix,2025-06-15,gasly,GAS,Pierre Gasly,alpine,Alpine F1 Team,20,1:12.667,,
2025,11,2025_11,Austrian Grand Prix,2025-06-29,norris,NOR,Lando Norris,mclaren,McLaren,1,1:04.672,1:04.410,1:03.971
2025,11,2025_11,Austrian Grand Prix,2025-06-29,leclerc,LEC,Charles Leclerc,ferrari,Ferrari,2,1:05.197,1:04.734,1:04.492
2025,11,2025_11,Austrian Grand Prix,2025-06-29,piastri,PIA,Oscar Piastri,mclaren,McLaren,3,1:04.966,1:04.556,1:04.554
2025,11,2025_11,Austrian Grand Prix,2025-06-29,hamilton,HAM,Lewis Hamilton,ferrari,Ferrari,4,1:05.115,1:04.896,1:04.582
2025,11,2025_11,Austrian Grand Prix,2025-06-29,russell,RUS,George Russell,mercedes,Mercedes,5,1:05.189,1:04.860,1:04.763
2025,11,2025_11,Austrian Grand Prix,2025-06-29,lawson,LAW,Liam Lawson,rb,RB F1 Team,6,1:05.017,1:05.041,1:04.926
2025,11,2025_11,Austrian Grand Prix,2025-06-29,max_verstappen,VER,Max Verstappen,red_bull,Red Bull,7,1:05.106,1:04.836,1:04.929
2025,11,2025_11,Austrian Grand Prix,2025-06-29,bortoleto,BOR,Gabriel Bortoleto,sauber,Sauber,8,1:05.123,1:04.846,1:05.132
2025,11,2025_11,Austrian Grand Prix,2025-06-29,antonelli,ANT,Andrea Kimi Antonelli,mercedes,Mercedes,9,1:05.178,1:05.052,1:05.276
2025,11,2025_11,Austrian Grand Prix,2025-06-29,gasly,GAS,Pierre Gasly,alpine,Alpine F1 Team,10,1:05.054,1:04.846,1:05.649
2025,11,2025_11,Austrian Grand Prix,2025-06-29,alonso,ALO,Fernando Alonso,aston_martin,Aston Martin,11,1:05.197,1:05.128,
2025,11,2025_11,Austrian Grand Prix,2025-06-29,albon,ALB,Alexander Albon,williams,Williams,12,1:05.143,1:05.205,
2025,11,2025_11,Austrian Grand Prix,2025-06-29,hadjar,HAD,Isack Hadjar,rb,RB F1 Team,13,1:05.063,1:05.226,
2025,11,2025_11,Austrian Grand Prix,2025-06-29,colapinto,COL,Franco Colapinto,alpine,Alpine F1 Team,14,1:05.278,1:05.288,
2025,11,2025_11,Austrian Grand Prix,2025-06-29,bearman,BEA,Oliver Bearman,haas,Haas F1 Team,15,1:05.218,1:05.312,
2025,11,2025_11,Austrian Grand Prix,2025-06-29,stroll,STR,Lance Stroll,aston_martin,Aston Martin,16,1:05.329,,
2025,11,2025_11,Austrian Grand Prix,2025-06-29,ocon,OCO,Esteban Ocon,haas,Haas F1 Team,17,1:05.364,,
2025,11,2025_11,Austrian Grand Prix,2025-06-29,tsunoda,TSU,Yuki Tsunoda,red_bull,Red Bull,18,1:05.369,,
2025,11,2025_11,Austrian Grand Prix,2025-06-29,sainz,SAI,Carlos Sainz,williams,Williams,19,1:05.582,,
2025,11,2025_11,Austrian Grand Prix,2025-06-29,hulkenberg,HUL,Nico Hülkenberg,sauber,Sauber,20,1:05.606,,
2025,12,2025_12,British Grand Prix,2025-07-06,max_verstappen,VER,Max Verstappen,red_bull,Red Bull,1,1:25.886,1:25.316,1:24.892
2025,12,2025_12,British Grand Prix,2025-07-06,piastri,PIA,Oscar Piastri,mclaren,McLaren,2,1:25.963,1:25.316,1:24.995
2025,12,2025_12,British Grand Prix,2025-07-06,norris,NOR,Lando Norris,mclaren,McLaren,3,1:26.123,1:25.231,1:25.010
2025,12,2025_12,British Grand Prix,2025-07-06,russell,RUS,George Russell,mercedes,Mercedes,4,1:26.236,1:25.637,1:25.029
2025,12,2025_12,British Grand Prix,2025-07-06,hamilton,HAM,Lewis Hamilton,ferrari,Ferrari,5,1:26.296,1:25.084,1:25.095
2025,12,2025_12,British Grand Prix,2025-07-06,leclerc,LEC,Charles Leclerc,ferrari,Ferrari,6,1:26.186,1:25.133,1:25.121
2025,12,2025_12,British Grand Prix,2025-07-06,antonelli,ANT,Andrea Kimi Antonelli,mercedes,Mercedes,7,1:26.265,1:25.620,1:25.374
2025,12,2025_12,British Grand Prix,2025-07-06,bearman,BEA,Oliver Bearman,haas,Haas F1 Team,8,1:26.005,1:25.534,1:25.471
2025,12,2025_12,British Grand Prix,2025-07-06,alonso,ALO,Fernando Alonso,aston_martin,Aston Martin,9,1:26.108,1:25.593,1:25.621
2025,12,2025_12,British Grand Prix,2025-07-06,gasly,GAS,Pierre Gasly,alpine,Alpine F1 Team,10,1:26.328,1:25.711,1:25.785
2025,12,2025_12,British Grand Prix,2025-07-06,sainz,SAI,Carlos Sainz,williams,Williams,11,1:26.175,1:25.746,
2025,12,2025_12,British Grand Prix,2025-07-06,tsunoda,TSU,Yuki Tsunoda,red_bull,Red Bull,12,1:26.275,1:25.826,
2025,12,2025_12,British Grand Prix,2025-07-06,hadjar,HAD,Isack Hadjar,rb,RB F1 Team,13,1:26.177,1:25.864,
2025,12,2025_12,British Grand Prix,2025-07-06,albon,ALB,Alexander Albon,williams,Williams,14,1:26.093,1:25.889,
2025,12,2025_12,British Grand Prix,2025-07-06,ocon,OCO,Esteban Ocon,haas,Haas F1 Team,15,1:26.136,1:25.950,
2025,12,2025_12,British Grand Prix,2025-07-06,lawson,LAW,Liam Lawson,rb,RB F1 Team,16,1:26.440,,
2025,12,2025_12,British Grand Prix,2025-07-06,bortoleto,BOR,Gabriel Bortoleto,sauber,Sauber,17,1:26.446,,
2025,12,2025_12,British Grand Prix,2025-07-06,stroll,STR,Lance Stroll,aston_martin,Aston Martin,18,1:26.504,,
2025,12,2025_12,British Grand Prix,2025-07-06,hulkenberg,HUL,Nico Hülkenberg,sauber,Sauber,19,1:26.574,,
2025,12,2025_12,British Grand Prix,2025-07-06,colapinto,COL,Franco Colapinto,alpine,Alpine F1 Team,20,1:27.060,,
2025,13,2025_13,Belgian Grand Prix,2025-07-27,norris,NOR,Lando Norris,mclaren,McLaren,1,1:41.010,1:40.715,1:40.562
2025,13,2025_13,Belgian Grand Prix,2025-07-27,piastri,PIA,Oscar Piastri,mclaren,McLaren,2,1:41.201,1:40.626,1:40.647
2025,13,2025_13,Belgian Grand Prix,2025-07-27,leclerc,LEC,Charles Leclerc,ferrari,Ferrari,3,1:41.635,1:41.084,1:40.900
2025,13,2025_13,Belgian Grand Prix,2025-07-27,max_verstappen,VER,Max Verstappen,red_bull,Red Bull,4,1:41.334,1:40.951,1:40.903
2025,13,2025_13,Belgian Grand Prix,2025-07-27,albon,ALB,Alexander Albon,williams,Williams,5,1:41.772,1:41.505,1:41.201
2025,13,2025_13,Belgian Grand Prix,2025-07-27,russell,RUS,George Russell,mercedes,Mercedes,6,1:41.784,1:41.254,1:41.260
2025,13,2025_13,Belgian Grand Prix,2025-07-27,tsunoda,TSU,Yuki Tsunoda,red_bull,Red Bull,7,1:41.840,1:41.245,1:41.284
2025,13,2025_13,Belgian Grand Prix,2025-07-27,hadjar,HAD,Isack Hadjar,rb,RB F1 Team,8,1:41.572,1:41.281,1:41.310
2025,13,2025_13,Belgian Grand Prix,2025-07-27,lawson,LAW,Liam Lawson,rb,RB F1 Team,9,1:41.748,1:41.297,1:41.328
2025,13,2025_13,Belgian Grand Prix,2025-07-27,bortoleto,BOR,Gabriel Bortoleto,sauber,Sauber,10,1:41.908,1:41.336,1:42.387
2025,13,2025_13,Belgian Grand Prix,2025-07-27,ocon,OCO,Esteban Ocon,haas,Haas F1 Team,11,1:41.884,1:41.525,
2025,13,2025_13,Belgian Grand Prix,2025-07-27,bearman,BEA,Oliver Bearman,haas,Haas F1 Team,12,1:41.617,1:41.617,
2025,13,2025_13,Belgian Grand Prix,2025-07-27,gasly,GAS,Pierre Gasly,alpine,Alpine F1 Team,13,1:41.800,1:41.633,
2025,13,2025_13,Belgian Grand Prix,2025-07-27,hulkenberg,HUL,Nico Hülkenberg,sauber,Sauber,14,1:41.844,1:41.707,
2025,13,2025_13,Belgian Grand Prix,2025-07-27,sainz,SAI,Carlos Sainz,williams,Williams,15,1:41.691,1:41.758,
2025,13,2025_13,Belgian Grand Prix,2025-07-27,hamilton,HAM,Lewis Hamilton,ferrari,Ferrari,16,1:41.939,,
2025,13,2025_13,Belgian Grand Prix,2025-07-27,colapinto,COL,Franco Colapinto,alpine,Alpine F1 Team,17,1:42.022,,
2025,13,2025_13,Belgian Grand Prix,2025-07-27,antonelli,ANT,Andrea Kimi Antonelli,mercedes,Mercedes,18,1:42.139,,
2025,13,2025_13,Belgian Grand Prix,2025-07-27,alonso,ALO,Fernando Alonso,aston_martin,Aston Martin,19,1:42.385,,
2025,13,2025_13,Belgian Grand Prix,2025-07-27,stroll,STR,Lance Stroll,aston_martin,Aston Martin,20,1:42.502,,
2025,14,2025_14,Hungarian Grand Prix,2025-08-03,leclerc,LEC,Charles Leclerc,ferrari,Ferrari,1,1:15.582,1:15.455,1:15.372
2025,14,2025_14,Hungarian Grand Prix,2025-08-03,piastri,PIA,Oscar Piastri,mclaren,McLaren,2,1:15.211,1:14.941,1:15.398
2025,14,2025_14,Hungarian Grand Prix,2025-08-03,norris,NOR,Lando Norris,mclaren,McLaren,3,1:15.523,1:14.890,1:15.413
2025,14,2025_14,Hungarian Grand Prix,2025-08-03,russell,RUS,George Russell,mercedes,Mercedes,4,1:15.627,1:15.201,1:15.425
2025,14,2025_14,Hungarian Grand Prix,2025-08-03,alonso,ALO,Fernando Alonso,aston_martin,Aston Martin,5,1:15.281,1:15.395,1:15.481
2025,14,2025_14,Hungarian Grand Prix,2025-08-03,stroll,STR,Lance Stroll,aston_martin,Aston Martin,6,1:15.673,1:15.129,1:15.498
2025,14,2025_14,Hungarian Grand Prix,2025-08-03,bortoleto,BOR,Gabriel Bortoleto,sauber,Sauber,7,1:15.586,1:15.687,1:15.725
2025,14,2025_14,Hungarian Grand Prix,2025-08-03,max_verstappen,VER,Max Verstappen,red_bull,Red Bull,8,1:15.736,1:15.547,1:15.728
2025,14,2025_14,Hungarian Grand Prix,2025-08-03,lawson,LAW,Liam Lawson,rb,RB F1 Team,9,1:15.849,1:15.630,1:15.821
2025,14,2025_14,Hungarian Grand Prix,2025-08-03,hadjar,HAD,Isack Hadjar,rb,RB F1 Team,10,1:15.516,1:15.469,1:15.915
2025,14,2025_14,Hungarian Grand Prix,2025-08-03,bearman,BEA,Oliver Bearman,haas,Haas F1 Team,11,1:15.750,1:15.694,
2025,14,2025_14,Hungarian Grand Prix,2025-08-03,hamilton,HAM,Lewis Hamilton,ferrari,Ferrari,12,1:15.733,1:15.702,
2025,14,2025_14,Hungarian Grand Prix,2025-08-03,sainz,SAI,Carlos Sainz,williams,Williams,13,1:15.652,1:15.781,
2025,14,2025_14,Hungarian Grand Prix,2025-08-03,colapinto,COL,Franco Colapinto,alpine,Alpine F1 Team,14,1:15.875,1:16.159,
2025,14,2025_14,Hungarian Grand Prix,2025-08-03,antonelli,ANT,Andrea Kimi Antonelli,mercedes,Mercedes,15,1:15.782,1:16.386,
2025,14,2025_14,Hungarian Grand Prix,2025-08-03,tsunoda,TSU,Yuki Tsunoda,red_bull,Red Bull,16,1:15.899,,
2025,14,2025_14,Hungarian Grand Prix,2025-08-03,gasly,GAS,Pierre Gasly,alpine,Alpine F1 Team,17,1:15.966,,
2025,14,2025_14,Hungarian Grand Prix,2025-08-03,ocon,OCO,Esteban Ocon,haas,Haas F1 Team,18,1:16.023,,
2025,14,2025_14,Hungarian Grand Prix,2025-08-03,hulkenberg,HUL,Nico Hülkenberg,sauber,Sauber,19,1:16.081,,
2025,14,2025_14,Hungarian Grand Prix,2025-08-03,albon,ALB,Alexander Albon,williams,Williams,20,1:16.223,,
2025,15,2025_15,Dutch Grand Prix,2025-08-31,piastri,PIA,Oscar Piastri,mclaren,McLaren,1,1:09.338,1:08.964,1:08.662
2025,15,2025_15,Dutch Grand Prix,2025-08-31,norris,NOR,Lando Norris,mclaren,McLaren,2,1:09.469,1:08.874,1:08.674
2025,15,2025_15,Dutch Grand Prix,2025-08-31,max_verstappen,VER,Max Verstappen,red_bull,Red Bull,3,1:09.696,1:09.122,1:08.925
2025,15,2025_15,Dutch Grand Prix,2025-08-31,hadjar,HAD,Isack Hadjar,rb,RB F1 Team,4,1:09.966,1:09.439,1:09.208
2025,15,2025_15,Dutch Grand Prix,2025-08-31,russell,RUS,George Russell,mercedes,Mercedes,5,1:09.676,1:09.313,1:09.255
2025,15,2025_15,Dutch Grand Prix,2025-08-31,leclerc,LEC,Charles Leclerc,ferrari,Ferrari,6,1:09.906,1:09.304,1:09.340
2025,15,2025_15,Dutch Grand Prix,2025-08-31,hamilton,HAM,Lewis Hamilton,ferrari,Ferrari,7,1:09.900,1:09.261,1:09.390
2025,15,2025_15,Dutch Grand Prix,2025-08-31,lawson,LAW,Liam Lawson,rb,RB F1 Team,8,1:09.779,1:09.383,1:09.500
2025,15,2025_15,Dutch Grand Prix,2025-08-31,sainz,SAI,Carlos Sainz,williams,Williams,9,1:09.980,1:09.472,1:09.505
2025,15,2025_15,Dutch Grand Prix,2025-08-31,alonso,ALO,Fernando Alonso,aston_martin,Aston Martin,10,1:09.950,1:09.366,1:09.630
2025,15,2025_15,Dutch Grand Prix,2025-08-31,antonelli,ANT,Andrea Kimi Antonelli,mercedes,Mercedes,11,1:09.845,1:09.493,
2025,15,2025_15,Dutch Grand Prix,2025-08-31,tsunoda,TSU,Yuki Tsunoda,red_bull,Red Bull,12,1:09.954,1:09.622,
2025,15,2025_15,Dutch Grand Prix,2025-08-31,bortoleto,BOR,Gabriel Bortoleto,sauber,Sauber,13,1:10.037,1:09.622,
2025,15,2025_15,Dutch Grand Prix,2025-08-31,gasly,GAS,Pierre Gasly,alpine,Alpine F1 Team,14,1:09.894,1:09.637,
2025,15,2025_15,Dutch Grand Prix,2025-08-31,albon,ALB,Alexander Albon,williams,Williams,15,1:09.792,1:09.652,
2025,15,2025_15,Dutch Grand Prix,2025-08-31,colapinto,COL,Franco Colapinto,alpine,Alpine F1 Team,16,1:10.104,,
2025,15,2025_15,Dutch Grand Prix,2025-08-31,hulkenberg,HUL,Nico Hülkenberg,sauber,Sauber,17,1:10.195,,
2025,15,2025_15,Dutch Grand Prix,2025-08-31,ocon,OCO,Esteban Ocon,haas,Haas F1 Team,18,1:10.197,,
2025,15,2025_15,Dutch Grand Prix,2025-08-31,bearman,BEA,Oliver Bearman,haas,Haas F1 Team,19,1:10.262,,
2025,15,2025_15,Dutch Grand Prix,2025-08-31,stroll,STR,Lance Stroll,aston_martin,Aston Martin,20,,,
2025,16,2025_16,Italian Grand Prix,2025-09-07,max_verstappen,VER,Max Verstappen,red_bull,Red Bull,1,1:19.455,1:19.140,1:18.792
2025,16,2025_16,Italian Grand Prix,2025-09-07,norris,NOR,Lando Norris,mclaren,McLaren,2,1:19.517,1:19.293,1:18.869
2025,16,2025_16,Italian Grand Prix,2025-09-07,piastri,PIA,Oscar Piastri,mclaren,McLaren,3,1:19.711,1:19.286,1:18.982
2025,16,2025_16,Italian Grand Prix,2025-09-07,leclerc,LEC,Charles Leclerc,ferrari,Ferrari,4,1:19.689,1:19.310,1:19.007
2025,16,2025_16,Italian Grand Prix,2025-09-07,hamilton,HAM,Lewis Hamilton,ferrari,Ferrari,5,1:19.765,1:19.371,1:19.124
2025,16,2025_16,Italian Grand Prix,2025-09-07,russell,RUS,George Russell,mercedes,Mercedes,6,1:19.414,1:19.287,1:19.157
2025,16,2025_16,Italian Grand Prix,2025-09-07,antonelli,ANT,Andrea Kimi Antonelli,mercedes,Mercedes,7,1:19.747,1:19.245,1:19.200
2025,16,2025_16,Italian Grand Prix,2025-09-07,bortoleto,BOR,Gabriel Bortoleto,sauber,Sauber,8,1:19.688,1:19.323,1:19.390
2025,16,2025_16,Italian Grand Prix,2025-09-07,alonso,ALO,Fernando Alonso,aston_martin,Aston Martin,9,1:19.658,1:19.362,1:19.424
2025,16,2025_16,Italian Grand Prix,2025-09-07,tsunoda,TSU,Yuki Tsunoda,red_bull,Red Bull,10,1:19.619,1:19.433,1:19.519
2025,16,2025_16,Italian Grand Prix,2025-09-07,bearman,BEA,Oliver Bearman,haas,Haas F1 Team,11,1:19.688,1:19.446,
2025,16,2025_16,Italian Grand Prix,2025-09-07,hulkenberg,HUL,Nico Hülkenberg,sauber,Sauber,12,1:19.777,1:19.498,
2025,16,2025_16,Italian Grand Prix,2025-09-07,sainz,SAI,Carlos Sainz,williams,Williams,13,1:19.644,1:19.528,
2025,16,2025_16,Italian Grand Prix,2025-09-07,albon,ALB,Alexander Albon,williams,Williams,14,1:19.837,1:19.583,
2025,16,2025_16,Italian Grand Prix,2025-09-07,ocon,OCO,Esteban Ocon,haas,Haas F1 Team,15,1:19.816,1:19.707,
2025,16,2025_16,Italian Grand Prix,2025-09-07,hadjar,HAD,Isack Hadjar,rb,RB F1 Team,16,1:19.917,,
2025,16,2025_16,Italian Grand Prix,2025-09-07,stroll,STR,Lance Stroll,aston_martin,Aston Martin,17,1:19.948,,
2025,16,2025_16,Italian Grand Prix,2025-09-07,colapinto,COL,Franco Colapinto,alpine,Alpine F1 Team,18,1:19.992,,
2025,16,2025_16,Italian Grand Prix,2025-09-07,gasly,GAS,Pierre Gasly,alpine,Alpine F1 Team,19,1:20.103,,
2025,16,2025_16,Italian Grand Prix,2025-09-07,lawson,LAW,Liam Lawson,rb,RB F1 Team,20,1:20.279,,
2025,17,2025_17,Azerbaijan Grand Prix,2025-09-21,max_verstappen,VER,Max Verstappen,red_bull,Red Bull,1,1:41.331,1:41.255,1:41.117
2025,17,2025_17,Azerbaijan Grand Prix,2025-09-21,sainz,SAI,Carlos Sainz,williams,Williams,2,1:42.635,1:41.675,1:41.595
2025,17,2025_17,Azerbaijan Grand Prix,2025-09-21,lawson,LAW,Liam Lawson,rb,RB F1 Team,3,1:42.257,1:41.537,1:41.707
2025,17,2025_17,Azerbaijan Grand Prix,2025-09-21,antonelli,ANT,Andrea Kimi Antonelli,mercedes,Mercedes,4,1:42.247,1:41.464,1:41.717
2025,17,2025_17,Azerbaijan Grand Prix,2025-09-21,russell,RUS,George Russell,mercedes,Mercedes,5,1:41.646,1:41.455,1:42.070
2025,17,2025_17,Azerbaijan Grand Prix,2025-09-21,tsunoda,TSU,Yuki Tsunoda,red_bull,Red Bull,6,1:42.347,1:41.788,1:42.143
2025,17,2025_17,Azerbaijan Grand Prix,2025-09-21,norris,NOR,Lando Norris,mclaren,McLaren,7,1:41.322,1:41.396,1:42.239
2025,17,2025_17,Azerbaijan Grand Prix,2025-09-21,hadjar,HAD,Isack Hadjar,rb,RB F1 Team,8,1:41.656,1:41.647,1:42.372
2025,17,2025_17,Azerbaijan Grand Prix,2025-09-21,piastri,PIA,Oscar Piastri,mclaren,McLaren,9,1:41.839,1:41.414,
2025,17,2025_17,Azerbaijan Grand Prix,2025-09-21,leclerc,LEC,Charles Leclerc,ferrari,Ferrari,10,1:41.458,1:41.519,
2025,17,2025_17,Azerbaijan Grand Prix,2025-09-21,alonso,ALO,Fernando Alonso,aston_martin,Aston Martin,11,1:42.211,1:41.857,
2025,17,2025_17,Azerbaijan Grand Prix,2025-09-21,hamilton,HAM,Lewis Hamilton,ferrari,Ferrari,12,1:41.821,1:42.183,
2025,17,2025_17,Azerbaijan Grand Prix,2025-09-21,bortoleto,BOR,Gabriel Bortoleto,sauber,Sauber,13,1:42.511,1:42.277,
2025,17,2025_17,Azerbaijan Grand Prix,2025-09-21,stroll,STR,Lance Stroll,aston_martin,Aston Martin,14,1:42.101,1:43.061,
2025,17,2025_17,Azerbaijan Grand Prix,2025-09-21,bearman,BEA,Oliver Bearman,haas,Haas F1 Team,15,1:42.666,,
2025,17,2025_17,Azerbaijan Grand Prix,2025-09-21,colapinto,COL,Franco Colapinto,alpine,Alpine F1 Team,16,1:42.779,,
2025,17,2025_17,Azerbaijan Grand Prix,2025-09-21,hulkenberg,HUL,Nico Hülkenberg,sauber,Sauber,17,1:42.916,,
2025,17,2025_17,Azerbaijan Grand Prix,2025-09-21,gasly,GAS,Pierre Gasly,alpine,Alpine F1 Team,18,1:43.139,,
2025,17,2025_17,Azerbaijan Grand Prix,2025-09-21,albon,ALB,Alexander Albon,williams,Williams,19,1:43.778,,
2025,17,2025_17,Azerbaijan Grand Prix,2025-09-21,ocon,OCO,Esteban Ocon,haas,Haas F1 Team,20,,,
2025,18,2025_18,Singapore Grand Prix,2025-10-05,russell,RUS,George Russell,mercedes,Mercedes,1,1:29.928,1:29.562,1:29.158
2025,18,2025_18,Singapore Grand Prix,2025-10-05,max_verstappen,VER,Max Verstappen,red_bull,Red Bull,2,1:30.028,1:29.572,1:29.340
2025,18,2025_18,Singapore Grand Prix,2025-10-05,piastri,PIA,Oscar Piastri,mclaren,McLaren,3,1:30.313,1:29.813,1:29.524
2025,18,2025_18,Singapore Grand Prix,2025-10-05,antonelli,ANT,Andrea Kimi Antonelli,mercedes,Mercedes,4,1:30.036,1:29.649,1:29.537
2025,18,2025_18,Singapore Grand Prix,2025-10-05,norris,NOR,Lando Norris,mclaren,McLaren,5,1:29.932,1:29.809,1:29.586
2025,18,2025_18,Singapore Grand Prix,2025-10-05,hamilton,HAM,Lewis Hamilton,ferrari,Ferrari,6,1:29.765,1:29.936,1:29.688
2025,18,2025_18,Singapore Grand Prix,2025-10-05,leclerc,LEC,Charles Leclerc,ferrari,Ferrari,7,1:30.370,1:29.914,1:29.784
2025,18,2025_18,Singapore Grand Prix,2025-10-05,hadjar,HAD,Isack Hadjar,rb,RB F1 Team,8,1:30.214,1:30.016,1:29.846
2025,18,2025_18,Singapore Grand Prix,2025-10-05,bearman,BEA,Oliver Bearman,haas,Haas F1 Team,9,1:30.420,1:30.076,1:29.868
2025,18,2025_18,Singapore Grand Prix,2025-10-05,alonso,ALO,Fernando Alonso,aston_martin,Aston Martin,10,1:30.745,1:30.054,1:29.955
2025,18,2025_18,Singapore Grand Prix,2025-10-05,hulkenberg,HUL,Nico Hülkenberg,sauber,Sauber,11,1:30.715,1:30.141,
2025,18,2025_18,Singapore Grand Prix,2025-10-05,lawson,LAW,Liam Lawson,rb,RB F1 Team,12,1:30.681,1:30.320,
2025,18,2025_18,Singapore Grand Prix,2025-10-05,tsunoda,TSU,Yuki Tsunoda,red_bull,Red Bull,13,1:30.574,1:30.353,
2025,18,2025_18,Singapore Grand Prix,2025-10-05,bortoleto,BOR,Gabriel Bortoleto,sauber,Sauber,14,1:30.820,,
2025,18,2025_18,Singapore Grand Prix,2025-10-05,stroll,STR,Lance Stroll,aston_martin,Aston Martin,15,1:30.949,,
2025,18,2025_18,Singapore Grand Prix,2025-10-05,colapinto,COL,Franco Colapinto,alpine,Alpine F1 Team,16,1:30.982,,
2025,18,2025_18,Singapore Grand Prix,2025-10-05,ocon,OCO,Esteban Ocon,haas,Haas F1 Team,17,1:30.989,,
2025,18,2025_18,Singapore Grand Prix,2025-10-05,gasly,GAS,Pierre Gasly,alpine,Alpine F1 Team,18,1:31.261,,
2025,18,2025_18,Singapore Grand Prix,2025-10-05,albon,ALB,Alexander Albon,williams,Williams,19,,,
2025,18,2025_18,Singapore Grand Prix,2025-10-05,sainz,SAI,Carlos Sainz,williams,Williams,20,,,
2025,19,2025_19,United States Grand Prix,2025-10-19,max_verstappen,VER,Max Verstappen,red_bull,Red Bull,1,1:33.207,1:32.701,1:32.510
2025,19,2025_19,United States Grand Prix,2025-10-19,norris,NOR,Lando Norris,mclaren,McLaren,2,1:33.843,1:32.876,1:32.801
2025,19,2025_19,United States Grand Prix,2025-10-19,leclerc,LEC,Charles Leclerc,ferrari,Ferrari,3,1:33.525,1:32.869,1:32.807
2025,19,2025_19,United States Grand Prix,2025-10-19,russell,RUS,George Russell,mercedes,Mercedes,4,1:33.311,1:33.058,1:32.826
2025,19,2025_19,United States Grand Prix,2025-10-19,hamilton,HAM,Lewis Hamilton,ferrari,Ferrari,5,1:33.685,1:32.914,1:32.912
2025,19,2025_19,United States Grand Prix,2025-10-19,piastri,PIA,Oscar Piastri,mclaren,McLaren,6,1:33.746,1:33.228,1:33.084
2025,19,2025_19,United States Grand Prix,2025-10-19,antonelli,ANT,Andrea Kimi Antonelli,mercedes,Mercedes,7,1:33.501,1:33.044,1:33.114
2025,19,2025_19,United States Grand Prix,2025-10-19,bearman,BEA,Oliver Bearman,haas,Haas F1 Team,8,1:33.921,1:33.238,1:33.139
2025,19,2025_19,United States Grand Prix,2025-10-19,sainz,SAI,Carlos Sainz,williams,Williams,9,1:33.739,1:33.124,1:33.150
2025,19,2025_19,United States Grand Prix,2025-10-19,alonso,ALO,Fernando Alonso,aston_martin,Aston Martin,10,1:33.741,1:33.237,1:33.160
2025,19,2025_19,United States Grand Prix,2025-10-19,hulkenberg,HUL,Nico Hülkenberg,sauber,Sauber,11,1:33.551,1:33.334,
2025,19,2025_19,United States Grand Prix,2025-10-19,lawson,LAW,Liam Lawson,rb,RB F1 Team,12,1:33.549,1:33.360,
2025,19,2025_19,United States Grand Prix,2025-10-19,tsunoda,TSU,Yuki Tsunoda,red_bull,Red Bull,13,1:33.935,1:33.466,
2025,19,2025_19,United States Grand Prix,2025-10-19,gasly,GAS,Pierre Gasly,alpine,Alpine F1 Team,14,1:33.599,1:33.651,
2025,19,2025_19,United States Grand Prix,2025-10-19,colapinto,COL,Franco Colapinto,alpine,Alpine F1 Team,15,1:34.039,1:34.044,
2025,19,2025_19,United States Grand Prix,2025-10-19,bortoleto,BOR,Gabriel Bortoleto,sauber,Sauber,16,1:34.125,,
2025,19,2025_19,United States Grand Prix,2025-10-19,ocon,OCO,Esteban Ocon,haas,Haas F1 Team,17,1:34.136,,
2025,19,2025_19,United States Grand Prix,2025-10-19,stroll,STR,Lance Stroll,aston_martin,Aston Martin,18,1:34.540,,
2025,19,2025_19,United States Grand Prix,2025-10-19,albon,ALB,Alexander Albon,williams,Williams,19,1:34.690,,
2025,19,2025_19,United States Grand Prix,2025-10-19,hadjar,HAD,Isack Hadjar,rb,RB F1 Team,20,,,
2025,20,2025_20,Mexico City Grand Prix,2025-10-26,norris,NOR,Lando Norris,mclaren,McLaren,1,1:16.899,1:16.252,1:15.586
2025,20,2025_20,Mexico City Grand Prix,2025-10-26,leclerc,LEC,Charles Leclerc,ferrari,Ferrari,2,1:17.024,1:16.658,1:15.848
2025,20,2025_20,Mexico City Grand Prix,2025-10-26,hamilton,HAM,Lewis Hamilton,ferrari,Ferrari,3,1:16.736,1:16.458,1:15.938
2025,20,2025_20,Mexico City Grand Prix,2025-10-26,russell,RUS,George Russell,mercedes,Mercedes,4,1:16.895,1:16.537,1:16.034
2025,20,2025_20,Mexico City Grand Prix,2025-10-26,max_verstappen,VER,Max Verstappen,red_bull,Red Bull,5,1:17.076,1:16.605,1:16.070
2025,20,2025_20,Mexico City Grand Prix,2025-10-26,antonelli,ANT,Andrea Kimi Antonelli,mercedes,Mercedes,6,1:17.291,1:16.773,1:16.118
2025,20,2025_20,Mexico City Grand Prix,2025-10-26,sainz,SAI,Carlos Sainz,williams,Williams,7,1:17.171,1:16.607,1:16.172
2025,20,2025_20,Mexico City Grand Prix,2025-10-26,piastri,PIA,Oscar Piastri,mclaren,McLaren,8,1:17.158,1:16.737,1:16.174
2025,20,2025_20,Mexico City Grand Prix,2025-10-26,hadjar,HAD,Isack Hadjar,rb,RB F1 Team,9,1:16.733,1:16.804,1:16.252
2025,20,2025_20,Mexico City Grand Prix,2025-10-26,bearman,BEA,Oliver Bearman,haas,Haas F1 Team,10,1:17.040,1:16.787,1:16.460
2025,20,2025_20,Mexico City Grand Prix,2025-10-26,tsunoda,TSU,Yuki Tsunoda,red_bull,Red Bull,11,1:17.234,1:16.816,
2025,20,2025_20,Mexico City Grand Prix,2025-10-26,ocon,OCO,Esteban Ocon,haas,Haas F1 Team,12,1:16.948,1:16.837,
2025,20,2025_20,Mexico City Grand Prix,2025-10-26,hulkenberg,HUL,Nico Hülkenberg,sauber,Sauber,13,1:17.251,1:17.016,
2025,20,2025_20,Mexico City Grand Prix,2025-10-26,alonso,ALO,Fernando Alonso,aston_martin,Aston Martin,14,1:17.232,1:17.103,
2025,20,2025_20,Mexico City Grand Prix,2025-10-26,lawson,LAW,Liam Lawson,rb,RB F1 Team,15,1:16.961,1:18.072,
2025,20,2025_20,Mexico City Grand Prix,2025-10-26,bortoleto,BOR,Gabriel Bortoleto,sauber,Sauber,16,1:17.412,,
2025,20,2025_20,Mexico City Grand Prix,2025-10-26,albon,ALB,Alexander Albon,williams,Williams,17,1:17.490,,
2025,20,2025_20,Mexico City Grand Prix,2025-10-26,gasly,GAS,Pierre Gasly,alpine,Alpine F1 Team,18,1:17.546,,
2025,20,2025_20,Mexico City Grand Prix,2025-10-26,stroll,STR,Lance Stroll,aston_martin,Aston Martin,19,1:17.606,,
2025,20,2025_20,Mexico City Grand Prix,2025-10-26,colapinto,COL,Franco Colapinto,alpine,Alpine F1 Team,20,1:17.670,,
2025,21,2025_21,São Paulo Grand Prix,2025-11-09,norris,NOR,Lando Norris,mclaren,McLaren,1,1:09.656,1:09.616,1:09.511
2025,21,2025_21,São Paulo Grand Prix,2025-11-09,antonelli,ANT,Andrea Kimi Antonelli,mercedes,Mercedes,2,1:10.192,1:09.774,1:09.685
2025,21,2025_21,São Paulo Grand Prix,2025-11-09,leclerc,LEC,Charles Leclerc,ferrari,Ferrari,3,1:09.934,1:09.801,1:09.805
2025,21,2025_21,São Paulo Grand Prix,2025-11-09,piastri,PIA,Oscar Piastri,mclaren,McLaren,4,1:09.928,1:09.835,1:09.886
2025,21,2025_21,São Paulo Grand Prix,2025-11-09,hadjar,HAD,Isack Hadjar,rb,RB F1 Team,5,1:10.083,1:09.970,1:09.931
2025,21,2025_21,São Paulo Grand Prix,2025-11-09,russell,RUS,George Russell,mercedes,Mercedes,6,1:09.935,1:09.880,1:09.942
2025,21,2025_21,São Paulo Grand Prix,2025-11-09,lawson,LAW,Liam Lawson,rb,RB F1 Team,7,1:10.108,1:09.950,1:09.962
2025,21,2025_21,São Paulo Grand Prix,2025-11-09,bearman,BEA,Oliver Bearman,haas,Haas F1 Team,8,1:09.891,1:09.755,1:09.977
2025,21,2025_21,São Paulo Grand Prix,2025-11-09,gasly,GAS,Pierre Gasly,alpine,Alpine F1 Team,9,1:09.885,1:09.857,1:10.002
2025,21,2025_21,São Paulo Grand Prix,2025-11-09,hulkenberg,HUL,Nico Hülkenberg,sauber,Sauber,10,1:10.337,1:09.985,1:10.039
2025,21,2025_21,São Paulo Grand Prix,2025-11-09,alonso,ALO,Fernando Alonso,aston_martin,Aston Martin,11,1:10.181,1:10.001,
2025,21,2025_21,São Paulo Grand Prix,2025-11-09,albon,ALB,Alexander Albon,williams,Williams,12,1:10.115,1:10.053,
2025,21,2025_21,São Paulo Grand Prix,2025-11-09,hamilton,HAM,Lewis Hamilton,ferrari,Ferrari,13,1:10.016,1:10.100,
2025,21,2025_21,São Paulo Grand Prix,2025-11-09,stroll,STR,Lance Stroll,aston_martin,Aston Martin,14,1:10.041,1:10.161,
2025,21,2025_21,São Paulo Grand Prix,2025-11-09,sainz,SAI,Carlos Sainz,williams,Williams,15,1:10.184,1:10.472,
2025,21,2025_21,São Paulo Grand Prix,2025-11-09,max_verstappen,VER,Max Verstappen,red_bull,Red Bull,16,1:10.403,,
2025,21,2025_21,São Paulo Grand Prix,2025-11-09,ocon,OCO,Esteban Ocon,haas,Haas F1 Team,17,1:10.438,,
2025,21,2025_21,São Paulo Grand Prix,2025-11-09,colapinto,COL,Franco Colapinto,alpine,Alpine F1 Team,18,1:10.632,,
2025,21,2025_21,São Paulo Grand Prix,2025-11-09,tsunoda,TSU,Yuki Tsunoda,red_bull,Red Bull,19,1:10.711,,
2025,22,2025_22,Las Vegas Grand Prix,2025-11-23,norris,NOR,Lando Norris,mclaren,McLaren,1,1:55.473,1:51.379,1:47.934
2025,22,2025_22,Las Vegas Grand Prix,2025-11-23,max_verstappen,VER,Max Verstappen,red_bull,Red Bull,2,1:53.458,1:51.593,1:48.257
2025,22,2025_22,Las Vegas Grand Prix,2025-11-23,sainz,SAI,Carlos Sainz,williams,Williams,3,1:54.873,1:51.144,1:48.296
2025,22,2025_22,Las Vegas Grand Prix,2025-11-23,russell,RUS,George Russell,mercedes,Mercedes,4,1:53.144,1:50.935,1:48.803
2025,22,2025_22,Las Vegas Grand Prix,2025-11-23,piastri,PIA,Oscar Piastri,mclaren,McLaren,5,1:54.544,1:52.126,1:48.961
2025,22,2025_22,Las Vegas Grand Prix,2025-11-23,lawson,LAW,Liam Lawson,rb,RB F1 Team,6,1:54.828,1:51.621,1:49.062
2025,22,2025_22,Las Vegas Grand Prix,2025-11-23,alonso,ALO,Fernando Alonso,aston_martin,Aston Martin,7,1:53.739,1:51.865,1:49.466
2025,22,2025_22,Las Vegas Grand Prix,2025-11-23,hadjar,HAD,Isack Hadjar,rb,RB F1 Team,8,1:55.613,1:51.120,1:49.554
2025,22,2025_22,Las Vegas Grand Prix,2025-11-23,leclerc,LEC,Charles Leclerc,ferrari,Ferrari,9,1:54.814,1:51.952,1:49.872
2025,22,2025_22,Las Vegas Grand Prix,2025-11-23,gasly,GAS,Pierre Gasly,alpine,Alpine F1 Team,10,1:54.432,1:51.760,1:51.540
2025,22,2025_22,Las Vegas Grand Prix,2025-11-23,hulkenberg,HUL,Nico Hülkenberg,sauber,Sauber,11,1:54.555,1:52.781,
2025,22,2025_22,Las Vegas Grand Prix,2025-11-23,stroll,STR,Lance Stroll,aston_martin,Aston Martin,12,1:54.416,1:52.850,
2025,22,2025_22,Las Vegas Grand Prix,2025-11-23,ocon,OCO,Esteban Ocon,haas,Haas F1 Team,13,1:54.635,1:52.987,
2025,22,2025_22,Las Vegas Grand Prix,2025-11-23,bearman,BEA,Oliver Bearman,haas,Haas F1 Team,14,1:56.016,1:53.094,
2025,22,2025_22,Las Vegas Grand Prix,2025-11-23,colapinto,COL,Franco Colapinto,alpine,Alpine F1 Team,15,1:54.847,1:53.683,
2025,22,2025_22,Las Vegas Grand Prix,2025-11-23,albon,ALB,Alexander Albon,williams,Williams,16,1:56.220,,
2025,22,2025_22,Las Vegas Grand Prix,2025-11-23,antonelli,ANT,Andrea Kimi Antonelli,mercedes,Mercedes,17,1:56.314,,
2025,22,2025_22,Las Vegas Grand Prix,2025-11-23,bortoleto,BOR,Gabriel Bortoleto,sauber,Sauber,18,1:56.674,,
2025,22,2025_22,Las Vegas Grand Prix,2025-11-23,tsunoda,TSU,Yuki Tsunoda,red_bull,Red Bull,19,1:56.798,,
2025,22,2025_22,Las Vegas Grand Prix,2025-11-23,hamilton,HAM,Lewis Hamilton,ferrari,Ferrari,20,1:57.115,,
2025,23,2025_23,Qatar Grand Prix,2025-11-30,piastri,PIA,Oscar Piastri,mclaren,McLaren,1,1:20.234,1:19.650,1:19.387
2025,23,2025_23,Qatar Grand Prix,2025-11-30,norris,NOR,Lando Norris,mclaren,McLaren,2,1:20.157,1:19.861,1:19.495
2025,23,2025_23,Qatar Grand Prix,2025-11-30,max_verstappen,VER,Max Verstappen,red_bull,Red Bull,3,1:20.472,1:19.985,1:19.651
2025,23,2025_23,Qatar Grand Prix,2025-11-30,russell,RUS,George Russell,mercedes,Mercedes,4,1:20.074,1:20.186,1:19.662
2025,23,2025_23,Qatar Grand Prix,2025-11-30,antonelli,ANT,Andrea Kimi Antonelli,mercedes,Mercedes,5,1:20.576,1:20.084,1:19.846
2025,23,2025_23,Qatar Grand Prix,2025-11-30,hadjar,HAD,Isack Hadjar,rb,RB F1 Team,6,1:20.603,1:20.350,1:20.114
2025,23,2025_23,Qatar Grand Prix,2025-11-30,sainz,SAI,Carlos Sainz,williams,Williams,7,1:20.520,1:20.251,1:20.287
2025,23,2025_23,Qatar Grand Prix,2025-11-30,alonso,ALO,Fernando Alonso,aston_martin,Aston Martin,8,1:20.598,1:20.219,1:20.418
2025,23,2025_23,Qatar Grand Prix,2025-11-30,gasly,GAS,Pierre Gasly,alpine,Alpine F1 Team,9,1:20.681,1:20.324,1:20.477
2025,23,2025_23,Qatar Grand Prix,2025-11-30,leclerc,LEC,Charles Leclerc,ferrari,Ferrari,10,1:20.564,1:20.343,1:20.561
2025,23,2025_23,Qatar Grand Prix,2025-11-30,hulkenberg,HUL,Nico Hülkenberg,sauber,Sauber,11,1:20.630,1:20.353,
2025,23,2025_23,Qatar Grand Prix,2025-11-30,lawson,LAW,Liam Lawson,rb,RB F1 Team,12,1:20.539,1:20.433,
2025,23,2025_23,Qatar Grand Prix,2025-11-30,bearman,BEA,Oliver Bearman,haas,Haas F1 Team,13,1:20.548,1:20.438,
2025,23,2025_23,Qatar Grand Prix,2025-11-30,bortoleto,BOR,Gabriel Bortoleto,sauber,Sauber,14,1:20.653,1:20.534,
2025,23,2025_23,Qatar Grand Prix,2025-11-30,albon,ALB,Alexander Albon,williams,Williams,15,1:20.629,1:20.629,
2025,23,2025_23,Qatar Grand Prix,2025-11-30,tsunoda,TSU,Yuki Tsunoda,red_bull,Red Bull,16,1:20.761,,
2025,23,2025_23,Qatar Grand Prix,2025-11-30,ocon,OCO,Esteban Ocon,haas,Haas F1 Team,17,1:20.864,,
2025,23,2025_23,Qatar Grand Prix,2025-11-30,hamilton,HAM,Lewis Hamilton,ferrari,Ferrari,18,1:20.907,,
2025,23,2025_23,Qatar Grand Prix,2025-11-30,stroll,STR,Lance Stroll,aston_martin,Aston Martin,19,1:21.058,,
2025,23,2025_23,Qatar Grand Prix,2025-11-30,colapinto,COL,Franco Colapinto,alpine,Alpine F1 Team,20,1:21.137,,
2025,24,2025_24,Abu Dhabi Grand Prix,2025-12-07,max_verstappen,VER,Max Verstappen,red_bull,Red Bull,1,1:22.877,1:22.752,1:22.207
2025,24,2025_24,Abu Dhabi Grand Prix,2025-12-07,norris,NOR,Lando Norris,mclaren,McLaren,2,1:23.178,1:22.804,1:22.408
2025,24,2025_24,Abu Dhabi Grand Prix,2025-12-07,piastri,PIA,Oscar Piastri,mclaren,McLaren,3,1:22.605,1:23.021,1:22.437
2025,24,2025_24,Abu Dhabi Grand Prix,2025-12-07,russell,RUS,George Russell,mercedes,Mercedes,4,1:23.247,1:22.730,1:22.645
2025,24,2025_24,Abu Dhabi Grand Prix,2025-12-07,leclerc,LEC,Charles Leclerc,ferrari,Ferrari,5,1:23.163,1:22.948,1:22.730
2025,24,2025_24,Abu Dhabi Grand Prix,2025-12-07,alonso,ALO,Fernando Alonso,aston_martin,Aston Martin,6,1:23.071,1:22.861,1:22.902
2025,24,2025_24,Abu Dhabi Grand Prix,2025-12-07,bortoleto,BOR,Gabriel Bortoleto,sauber,Sauber,7,1:23.374,1:22.874,1:22.904
2025,24,2025_24,Abu Dhabi Grand Prix,2025-12-07,ocon,OCO,Esteban Ocon,haas,Haas F1 Team,8,1:23.334,1:23.023,1:22.913
2025,24,2025_24,Abu Dhabi Grand Prix,2025-12-07,hadjar,HAD,Isack Hadjar,rb,RB F1 Team,9,1:23.373,1:22.997,1:23.072
2025,24,2025_24,Abu Dhabi Grand Prix,2025-12-07,tsunoda,TSU,Yuki Tsunoda,red_bull,Red Bull,10,1:23.386,1:23.034,
2025,24,2025_24,Abu Dhabi Grand Prix,2025-12-07,bearman,BEA,Oliver Bearman,haas,Haas F1 Team,11,1:23.254,1:23.041,
2025,24,2025_24,Abu Dhabi Grand Prix,2025-12-07,sainz,SAI,Carlos Sainz,williams,Williams,12,1:23.187,1:23.042,
2025,24,2025_24,Abu Dhabi Grand Prix,2025-12-07,lawson,LAW,Liam Lawson,rb,RB F1 Team,13,1:23.265,1:23.077,
2025,24,2025_24,Abu Dhabi Grand Prix,2025-12-07,antonelli,ANT,Andrea Kimi Antonelli,mercedes,Mercedes,14,1:22.894,1:23.080,
2025,24,2025_24,Abu Dhabi Grand Prix,2025-12-07,stroll,STR,Lance Stroll,aston_martin,Aston Martin,15,1:23.316,1:23.097,
2025,24,2025_24,Abu Dhabi Grand Prix,2025-12-07,hamilton,HAM,Lewis Hamilton,ferrari,Ferrari,16,1:23.394,,
2025,24,2025_24,Abu Dhabi Grand Prix,2025-12-07,albon,ALB,Alexander Albon,williams,Williams,17,1:23.416,,
2025,24,2025_24,Abu Dhabi Grand Prix,2025-12-07,hulkenberg,HUL,Nico Hülkenberg,sauber,Sauber,18,1:23.450,,
2025,24,2025_24,Abu Dhabi Grand Prix,2025-12-07,gasly,GAS,Pierre Gasly,alpine,Alpine F1 Team,19,1:23.468,,
2025,24,2025_24,Abu Dhabi Grand Prix,2025-12-07,colapinto,COL,Franco Colapinto,alpine,Alpine F1 Team,20,1:23.890,,
2026,1,2026_1,Australian Grand Prix,2026-03-08,russell,RUS,George Russell,mercedes,Mercedes,1,1:19.507,1:18.934,1:18.518
2026,1,2026_1,Australian Grand Prix,2026-03-08,antonelli,ANT,Andrea Kimi Antonelli,mercedes,Mercedes,2,1:20.120,1:19.435,1:18.811
2026,1,2026_1,Australian Grand Prix,2026-03-08,hadjar,HAD,Isack Hadjar,red_bull,Red Bull,3,1:20.023,1:19.653,1:19.303
2026,1,2026_1,Australian Grand Prix,2026-03-08,leclerc,LEC,Charles Leclerc,ferrari,Ferrari,4,1:20.226,1:19.357,1:19.327
2026,1,2026_1,Australian Grand Prix,2026-03-08,piastri,PIA,Oscar Piastri,mclaren,McLaren,5,1:19.664,1:19.525,1:19.380
2026,1,2026_1,Australian Grand Prix,2026-03-08,norris,NOR,Lando Norris,mclaren,McLaren,6,1:20.010,1:19.882,1:19.475
2026,1,2026_1,Australian Grand Prix,2026-03-08,hamilton,HAM,Lewis Hamilton,ferrari,Ferrari,7,1:19.811,1:19.921,1:19.478
2026,1,2026_1,Australian Grand Prix,2026-03-08,lawson,LAW,Liam Lawson,rb,RB F1 Team,8,1:20.491,1:20.144,1:19.994
2026,1,2026_1,Australian Grand Prix,2026-03-08,arvid_lindblad,LIN,Arvid Lindblad,rb,RB F1 Team,9,1:20.409,1:19.971,1:21.247
2026,1,2026_1,Australian Grand Prix,2026-03-08,bortoleto,BOR,Gabriel Bortoleto,audi,Audi,10,1:20.495,1:20.221,
2026,1,2026_1,Australian Grand Prix,2026-03-08,hulkenberg,HUL,Nico Hülkenberg,audi,Audi,11,1:21.024,1:20.303,
2026,1,2026_1,Australian Grand Prix,2026-03-08,bearman,BEA,Oliver Bearman,haas,Haas F1 Team,12,1:21.247,1:20.311,
2026,1,2026_1,Australian Grand Prix,2026-03-08,ocon,OCO,Esteban Ocon,haas,Haas F1 Team,13,1:20.759,1:20.491,
2026,1,2026_1,Australian Grand Prix,2026-03-08,gasly,GAS,Pierre Gasly,alpine,Alpine F1 Team,14,1:21.138,1:20.501,
2026,1,2026_1,Australian Grand Prix,2026-03-08,albon,ALB,Alexander Albon,williams,Williams,15,1:21.051,1:20.941,
2026,1,2026_1,Australian Grand Prix,2026-03-08,colapinto,COL,Franco Colapinto,alpine,Alpine F1 Team,16,1:21.200,1:21.270,
2026,1,2026_1,Australian Grand Prix,2026-03-08,alonso,ALO,Fernando Alonso,aston_martin,Aston Martin,17,1:21.969,,
2026,1,2026_1,Australian Grand Prix,2026-03-08,perez,PER,Sergio Pérez,cadillac,Cadillac F1 Team,18,1:22.605,,
2026,1,2026_1,Australian Grand Prix,2026-03-08,bottas,BOT,Valtteri Bottas,cadillac,Cadillac F1 Team,19,1:23.244,,
2026,2,2026_2,Chinese Grand Prix,2026-03-15,antonelli,ANT,Andrea Kimi Antonelli,mercedes,Mercedes,1,1:33.305,1:32.443,1:32.064
2026,2,2026_2,Chinese Grand Prix,2026-03-15,russell,RUS,George Russell,mercedes,Mercedes,2,1:33.262,1:32.523,1:32.286
2026,2,2026_2,Chinese Grand Prix,2026-03-15,hamilton,HAM,Lewis Hamilton,ferrari,Ferrari,3,1:33.522,1:32.567,1:32.415
2026,2,2026_2,Chinese Grand Prix,2026-03-15,leclerc,LEC,Charles Leclerc,ferrari,Ferrari,4,1:33.175,1:32.486,1:32.428
2026,2,2026_2,Chinese Grand Prix,2026-03-15,piastri,PIA,Oscar Piastri,mclaren,McLaren,5,1:33.590,1:33.130,1:32.550
2026,2,2026_2,Chinese Grand Prix,2026-03-15,norris,NOR,Lando Norris,mclaren,McLaren,6,1:33.535,1:32.910,1:32.608
2026,2,2026_2,Chinese Grand Prix,2026-03-15,gasly,GAS,Pierre Gasly,alpine,Alpine F1 Team,7,1:33.788,1:33.003,1:32.873
2026,2,2026_2,Chinese Grand Prix,2026-03-15,max_verstappen,VER,Max Verstappen,red_bull,Red Bull,8,1:33.417,1:33.098,1:33.002
2026,2,2026_2,Chinese Grand Prix,2026-03-15,hadjar,HAD,Isack Hadjar,red_bull,Red Bull,9,1:33.632,1:33.352,1:33.121
2026,2,2026_2,Chinese Grand Prix,2026-03-15,bearman,BEA,Oliver Bearman,haas,Haas F1 Team,10,1:33.687,1:33.197,1:33.292
2026,2,2026_2,Chinese Grand Prix,2026-03-15,hulkenberg,HUL,Nico Hülkenberg,audi,Audi,11,1:34.116,1:33.354,
2026,2,2026_2,Chinese Grand Prix,2026-03-15,colapinto,COL,Franco Colapinto,alpine,Alpine F1 Team,12,1:33.634,1:33.357,
2026,2,2026_2,Chinese Grand Prix,2026-03-15,ocon,OCO,Esteban Ocon,haas,Haas F1 Team,13,1:33.974,1:33.538,
2026,2,2026_2,Chinese Grand Prix,2026-03-15,lawson,LAW,Liam Lawson,rb,RB F1 Team,14,1:34.139,1:33.765,
2026,2,2026_2,Chinese Grand Prix,2026-03-15,arvid_lindblad,LIN,Arvid Lindblad,rb,RB F1 Team,15,1:33.906,1:33.784,
2026,2,2026_2,Chinese Grand Prix,2026-03-15,bortoleto,BOR,Gabriel Bortoleto,audi,Audi,16,1:33.549,1:33.965,
2026,2,2026_2,Chinese Grand Prix,2026-03-15,sainz,SAI,Carlos Sainz,williams,Williams,17,1:34.317,,
2026,2,2026_2,Chinese Grand Prix,2026-03-15,albon,ALB,Alexander Albon,williams,Williams,18,1:34.772,,
2026,2,2026_2,Chinese Grand Prix,2026-03-15,alonso,ALO,Fernando Alonso,aston_martin,Aston Martin,19,1:35.203,,
2026,2,2026_2,Chinese Grand Prix,2026-03-15,bottas,BOT,Valtteri Bottas,cadillac,Cadillac F1 Team,20,1:35.436,,
2026,2,2026_2,Chinese Grand Prix,2026-03-15,stroll,STR,Lance Stroll,aston_martin,Aston Martin,21,1:35.995,,
2026,2,2026_2,Chinese Grand Prix,2026-03-15,perez,PER,Sergio Pérez,cadillac,Cadillac F1 Team,22,1:36.906,,
2026,3,2026_3,Japanese Grand Prix,2026-03-29,antonelli,ANT,Andrea Kimi Antonelli,mercedes,Mercedes,1,1:30.035,1:29.048,1:28.778
2026,3,2026_3,Japanese Grand Prix,2026-03-29,russell,RUS,George Russell,mercedes,Mercedes,2,1:29.967,1:29.686,1:29.076
2026,3,2026_3,Japanese Grand Prix,2026-03-29,piastri,PIA,Oscar Piastri,mclaren,McLaren,3,1:30.200,1:29.451,1:29.132
2026,3,2026_3,Japanese Grand Prix,2026-03-29,leclerc,LEC,Charles Leclerc,ferrari,Ferrari,4,1:29.915,1:29.303,1:29.405
2026,3,2026_3,Japanese Grand Prix,2026-03-29,norris,NOR,Lando Norris,mclaren,McLaren,5,1:30.401,1:29.795,1:29.409
2026,3,2026_3,Japanese Grand Prix,2026-03-29,hamilton,HAM,Lewis Hamilton,ferrari,Ferrari,6,1:30.309,1:29.589,1:29.567
2026,3,2026_3,Japanese Grand Prix,2026-03-29,gasly,GAS,Pierre Gasly,alpine,Alpine F1 Team,7,1:30.584,1:29.874,1:29.691
2026,3,2026_3,Japanese Grand Prix,2026-03-29,hadjar,HAD,Isack Hadjar,red_bull,Red Bull,8,1:30.662,1:30.104,1:29.978
2026,3,2026_3,Japanese Grand Prix,2026-03-29,bortoleto,BOR,Gabriel Bortoleto,audi,Audi,9,1:30.359,1:29.990,1:30.274
2026,3,2026_3,Japanese Grand Prix,2026-03-29,arvid_lindblad,LIN,Arvid Lindblad,rb,RB F1 Team,10,1:30.781,1:30.109,1:30.319
2026,3,2026_3,Japanese Grand Prix,2026-03-29,max_verstappen,VER,Max Verstappen,red_bull,Red Bull,11,1:30.519,1:30.262,
2026,3,2026_3,Japanese Grand Prix,2026-03-29,ocon,OCO,Esteban Ocon,haas,Haas F1 Team,12,1:30.915,1:30.309,
2026,3,2026_3,Japanese Grand Prix,2026-03-29,hulkenberg,HUL,Nico Hülkenberg,audi,Audi,13,1:30.358,1:30.387,
2026,3,2026_3,Japanese Grand Prix,2026-03-29,lawson,LAW,Liam Lawson,rb,RB F1 Team,14,1:30.657,1:30.495,
2026,3,2026_3,Japanese Grand Prix,2026-03-29,colapinto,COL,Franco Colapinto,alpine,Alpine F1 Team,15,1:30.931,1:30.627,
2026,3,2026_3,Japanese Grand Prix,2026-03-29,sainz,SAI,Carlos Sainz,williams,Williams,16,1:30.927,1:31.033,
2026,3,2026_3,Japanese Grand Prix,2026-03-29,albon,ALB,Alexander Albon,williams,Williams,17,1:31.088,,
2026,3,2026_3,Japanese Grand Prix,2026-03-29,bearman,BEA,Oliver Bearman,haas,Haas F1 Team,18,1:31.090,,
2026,3,2026_3,Japanese Grand Prix,2026-03-29,perez,PER,Sergio Pérez,cadillac,Cadillac F1 Team,19,1:32.206,,
2026,3,2026_3,Japanese Grand Prix,2026-03-29,bottas,BOT,Valtteri Bottas,cadillac,Cadillac F1 Team,20,1:32.330,,
2026,3,2026_3,Japanese Grand Prix,2026-03-29,alonso,ALO,Fernando Alonso,aston_martin,Aston Martin,21,1:32.646,,
2026,3,2026_3,Japanese Grand Prix,2026-03-29,stroll,STR,Lance Stroll,aston_martin,Aston Martin,22,1:32.920,,
2026,4,2026_4,Miami Grand Prix,2026-05-03,antonelli,ANT,Andrea Kimi Antonelli,mercedes,Mercedes,1,1:28.653,1:28.289,1:27.798
2026,4,2026_4,Miami Grand Prix,2026-05-03,max_verstappen,VER,Max Verstappen,red_bull,Red Bull,2,1:29.099,1:28.116,1:27.964
2026,4,2026_4,Miami Grand Prix,2026-05-03,leclerc,LEC,Charles Leclerc,ferrari,Ferrari,3,1:28.938,1:28.315,1:28.143
2026,4,2026_4,Miami Grand Prix,2026-05-03,norris,NOR,Lando Norris,mclaren,McLaren,4,1:29.183,1:28.920,1:28.183
2026,4,2026_4,Miami Grand Prix,2026-05-03,russell,RUS,George Russell,mercedes,Mercedes,5,1:29.492,1:28.477,1:28.197
2026,4,2026_4,Miami Grand Prix,2026-05-03,hamilton,HAM,Lewis Hamilton,ferrari,Ferrari,6,1:29.483,1:28.477,1:28.319
2026,4,2026_4,Miami Grand Prix,2026-05-03,piastri,PIA,Oscar Piastri,mclaren,McLaren,7,1:29.920,1:28.332,1:28.500
2026,4,2026_4,Miami Grand Prix,2026-05-03,colapinto,COL,Franco Colapinto,alpine,Alpine F1 Team,8,1:29.584,1:28.975,1:28.762
2026,4,2026_4,Miami Grand Prix,2026-05-03,gasly,GAS,Pierre Gasly,alpine,Alpine F1 Team,9,1:29.914,1:29.070,1:28.810
2026,4,2026_4,Miami Grand Prix,2026-05-03,hulkenberg,HUL,Nico Hülkenberg,audi,Audi,10,1:29.645,1:29.439,
2026,4,2026_4,Miami Grand Prix,2026-05-03,lawson,LAW,Liam Lawson,rb,RB F1 Team,11,1:29.595,1:29.499,
2026,4,2026_4,Miami Grand Prix,2026-05-03,bearman,BEA,Oliver Bearman,haas,Haas F1 Team,12,1:29.340,1:29.567,
2026,4,2026_4,Miami Grand Prix,2026-05-03,sainz,SAI,Carlos Sainz,williams,Williams,13,1:29.540,1:29.568,
2026,4,2026_4,Miami Grand Prix,2026-05-03,ocon,OCO,Esteban Ocon,haas,Haas F1 Team,14,1:29.838,1:29.772,
2026,4,2026_4,Miami Grand Prix,2026-05-03,albon,ALB,Alexander Albon,williams,Williams,15,1:29.720,1:29.946,
2026,4,2026_4,Miami Grand Prix,2026-05-03,arvid_lindblad,LIN,Arvid Lindblad,rb,RB F1 Team,16,1:30.133,,
2026,4,2026_4,Miami Grand Prix,2026-05-03,alonso,ALO,Fernando Alonso,aston_martin,Aston Martin,17,1:31.098,,
2026,4,2026_4,Miami Grand Prix,2026-05-03,stroll,STR,Lance Stroll,aston_martin,Aston Martin,18,1:31.164,,
2026,4,2026_4,Miami Grand Prix,2026-05-03,bottas,BOT,Valtteri Bottas,cadillac,Cadillac F1 Team,19,1:31.629,,
2026,4,2026_4,Miami Grand Prix,2026-05-03,perez,PER,Sergio Pérez,cadillac,Cadillac F1 Team,20,1:31.967,,
2026,4,2026_4,Miami Grand Prix,2026-05-03,bortoleto,BOR,Gabriel Bortoleto,audi,Audi,21,1:33.737,,
2026,4,2026_4,Miami Grand Prix,2026-05-03,hadjar,HAD,Isack Hadjar,red_bull,Red Bull,22,,1:28.941,1:28.789
2026,5,2026_5,Canadian Grand Prix,2026-05-24,russell,RUS,George Russell,mercedes,Mercedes,1,1:13.953,1:13.079,1:12.578
2026,5,2026_5,Canadian Grand Prix,2026-05-24,antonelli,ANT,Andrea Kimi Antonelli,mercedes,Mercedes,2,1:13.380,1:13.076,1:12.646
2026,5,2026_5,Canadian Grand Prix,2026-05-24,norris,NOR,Lando Norris,mclaren,McLaren,3,1:13.503,1:13.049,1:12.729
2026,5,2026_5,Canadian Grand Prix,2026-05-24,piastri,PIA,Oscar Piastri,mclaren,McLaren,4,1:13.559,1:13.285,1:12.781
2026,5,2026_5,Canadian Grand Prix,2026-05-24,hamilton,HAM,Lewis Hamilton,ferrari,Ferrari,5,1:13.767,1:13.041,1:12.868
2026,5,2026_5,Canadian Grand Prix,2026-05-24,max_verstappen,VER,Max Verstappen,red_bull,Red Bull,6,1:14.067,1:13.479,1:12.907
2026,5,2026_5,Canadian Grand Prix,2026-05-24,hadjar,HAD,Isack Hadjar,red_bull,Red Bull,7,1:13.654,1:12.975,1:12.935
2026,5,2026_5,Canadian Grand Prix,2026-05-24,leclerc,LEC,Charles Leclerc,ferrari,Ferrari,8,1:13.825,1:13.496,1:12.976
2026,5,2026_5,Canadian Grand Prix,2026-05-24,arvid_lindblad,LIN,Arvid Lindblad,rb,RB F1 Team,9,1:13.895,1:13.548,1:13.280
2026,5,2026_5,Canadian Grand Prix,2026-05-24,colapinto,COL,Franco Colapinto,alpine,Alpine F1 Team,10,1:14.466,1:13.857,1:13.697
2026,5,2026_5,Canadian Grand Prix,2026-05-24,hulkenberg,HUL,Nico Hülkenberg,audi,Audi,11,1:14.562,1:13.886,
2026,5,2026_5,Canadian Grand Prix,2026-05-24,lawson,LAW,Liam Lawson,rb,RB F1 Team,12,1:14.346,1:13.897,
2026,5,2026_5,Canadian Grand Prix,2026-05-24,bortoleto,BOR,Gabriel Bortoleto,audi,Audi,13,1:14.775,1:14.071,
2026,5,2026_5,Canadian Grand Prix,2026-05-24,sainz,SAI,Carlos Sainz,williams,Williams,15,1:14.276,1:14.273,
2026,5,2026_5,Canadian Grand Prix,2026-05-24,bearman,BEA,Oliver Bearman,haas,Haas F1 Team,16,1:14.449,1:14.416,
2026,5,2026_5,Canadian Grand Prix,2026-05-24,gasly,GAS,Pierre Gasly,alpine,Alpine F1 Team,14,1:14.698,1:14.187,
2026,5,2026_5,Canadian Grand Prix,2026-05-24,ocon,OCO,Esteban Ocon,haas,Haas F1 Team,17,1:14.845,,
2026,5,2026_5,Canadian Grand Prix,2026-05-24,albon,ALB,Alexander Albon,williams,Williams,18,1:14.851,,
2026,5,2026_5,Canadian Grand Prix,2026-05-24,alonso,ALO,Fernando Alonso,aston_martin,Aston Martin,19,1:15.196,,
2026,5,2026_5,Canadian Grand Prix,2026-05-24,perez,PER,Sergio Pérez,cadillac,Cadillac F1 Team,20,1:15.429,,
2026,5,2026_5,Canadian Grand Prix,2026-05-24,stroll,STR,Lance Stroll,aston_martin,Aston Martin,21,1:16.195,,
2026,5,2026_5,Canadian Grand Prix,2026-05-24,bottas,BOT,Valtteri Bottas,cadillac,Cadillac F1 Team,22,1:16.272,,
2026,6,2026_6,Monaco Grand Prix,2026-06-07,antonelli,ANT,Andrea Kimi Antonelli,mercedes,Mercedes,1,1:13.599,1:12.704,1:12.051
2026,6,2026_6,Monaco Grand Prix,2026-06-07,max_verstappen,VER,Max Verstappen,red_bull,Red Bull,2,1:13.490,1:12.499,1:12.094
2026,6,2026_6,Monaco Grand Prix,2026-06-07,hamilton,HAM,Lewis Hamilton,ferrari,Ferrari,3,1:13.777,1:12.934,1:12.279
2026,6,2026_6,Monaco Grand Prix,2026-06-07,leclerc,LEC,Charles Leclerc,ferrari,Ferrari,4,1:13.293,1:12.774,1:12.351
2026,6,2026_6,Monaco Grand Prix,2026-06-07,hadjar,HAD,Isack Hadjar,red_bull,Red Bull,5,1:14.408,1:12.722,1:12.434
2026,6,2026_6,Monaco Grand Prix,2026-06-07,russell,RUS,George Russell,mercedes,Mercedes,6,1:14.214,1:13.238,1:12.445
2026,6,2026_6,Monaco Grand Prix,2026-06-07,piastri,PIA,Oscar Piastri,mclaren,McLaren,7,1:14.159,1:12.983,1:12.624
2026,6,2026_6,Monaco Grand Prix,2026-06-07,norris,NOR,Lando Norris,mclaren,McLaren,8,1:13.630,1:12.919,1:12.765
2026,6,2026_6,Monaco Grand Prix,2026-06-07,gasly,GAS,Pierre Gasly,alpine,Alpine F1 Team,9,1:14.469,1:13.762,1:13.226
2026,6,2026_6,Monaco Grand Prix,2026-06-07,lawson,LAW,Liam Lawson,rb,RB F1 Team,10,1:14.498,1:13.471,1:13.412
2026,6,2026_6,Monaco Grand Prix,2026-06-07,albon,ALB,Alexander Albon,williams,Williams,11,1:14.321,1:13.787,
2026,6,2026_6,Monaco Grand Prix,2026-06-07,sainz,SAI,Carlos Sainz,williams,Williams,12,1:14.348,1:13.815,
2026,6,2026_6,Monaco Grand Prix,2026-06-07,hulkenberg,HUL,Nico Hülkenberg,audi,Audi,13,1:13.923,1:13.902,
2026,6,2026_6,Monaco Grand Prix,2026-06-07,colapinto,COL,Franco Colapinto,alpine,Alpine F1 Team,14,1:14.573,1:13.995,
2026,6,2026_6,Monaco Grand Prix,2026-06-07,arvid_lindblad,LIN,Arvid Lindblad,rb,RB F1 Team,15,1:14.685,1:14.248,
2026,6,2026_6,Monaco Grand Prix,2026-06-07,bortoleto,BOR,Gabriel Bortoleto,audi,Audi,16,1:14.683,,
2026,6,2026_6,Monaco Grand Prix,2026-06-07,ocon,OCO,Esteban Ocon,haas,Haas F1 Team,17,1:14.722,,
2026,6,2026_6,Monaco Grand Prix,2026-06-07,perez,PER,Sergio Pérez,cadillac,Cadillac F1 Team,18,1:14.747,,
2026,6,2026_6,Monaco Grand Prix,2026-06-07,bearman,BEA,Oliver Bearman,haas,Haas F1 Team,19,1:14.814,,
2026,6,2026_6,Monaco Grand Prix,2026-06-07,bottas,BOT,Valtteri Bottas,cadillac,Cadillac F1 Team,20,1:15.283,,
2026,6,2026_6,Monaco Grand Prix,2026-06-07,alonso,ALO,Fernando Alonso,aston_martin,Aston Martin,21,1:15.349,,
2026,6,2026_6,Monaco Grand Prix,2026-06-07,stroll,STR,Lance Stroll,aston_martin,Aston Martin,22,1:16.061,,
2026,7,2026_7,Barcelona Grand Prix,2026-06-14,russell,RUS,George Russell,mercedes,Mercedes,1,1:15.717,1:15.228,1:14.679
2026,7,2026_7,Barcelona Grand Prix,2026-06-14,hamilton,HAM,Lewis Hamilton,ferrari,Ferrari,2,1:15.625,1:15.418,1:14.743
2026,7,2026_7,Barcelona Grand Prix,2026-06-14,antonelli,ANT,Andrea Kimi Antonelli,mercedes,Mercedes,3,1:15.977,1:15.295,1:14.998
2026,7,2026_7,Barcelona Grand Prix,2026-06-14,norris,NOR,Lando Norris,mclaren,McLaren,4,1:16.287,1:15.361,1:15.001
2026,7,2026_7,Barcelona Grand Prix,2026-06-14,max_verstappen,VER,Max Verstappen,red_bull,Red Bull,5,1:16.352,1:15.484,1:15.021
2026,7,2026_7,Barcelona Grand Prix,2026-06-14,hadjar,HAD,Isack Hadjar,red_bull,Red Bull,6,1:16.427,1:15.754,1:15.077
2026,7,2026_7,Barcelona Grand Prix,2026-06-14,piastri,PIA,Oscar Piastri,mclaren,McLaren,7,1:16.138,1:15.518,1:15.090
2026,7,2026_7,Barcelona Grand Prix,2026-06-14,lawson,LAW,Liam Lawson,rb,RB F1 Team,8,1:16.673,1:15.585,1:16.542
2026,7,2026_7,Barcelona Grand Prix,2026-06-14,hulkenberg,HUL,Nico Hülkenberg,audi,Audi,9,1:16.066,1:15.768,1:16.657
2026,7,2026_7,Barcelona Grand Prix,2026-06-14,leclerc,LEC,Charles Leclerc,ferrari,Ferrari,10,1:15.964,1:15.281,
2026,7,2026_7,Barcelona Grand Prix,2026-06-14,arvid_lindblad,LIN,Arvid Lindblad,rb,RB F1 Team,11,1:16.425,1:15.840,
2026,7,2026_7,Barcelona Grand Prix,2026-06-14,bortoleto,BOR,Gabriel Bortoleto,audi,Audi,12,1:16.616,1:16.001,
2026,7,2026_7,Barcelona Grand Prix,2026-06-14,colapinto,COL,Franco Colapinto,alpine,Alpine F1 Team,13,1:16.590,1:16.191,
2026,7,2026_7,Barcelona Grand Prix,2026-06-14,gasly,GAS,Pierre Gasly,alpine,Alpine F1 Team,14,1:16.599,1:16.261,
2026,7,2026_7,Barcelona Grand Prix,2026-06-14,bearman,BEA,Oliver Bearman,haas,Haas F1 Team,15,1:16.571,1:16.389,
2026,7,2026_7,Barcelona Grand Prix,2026-06-14,sainz,SAI,Carlos Sainz,williams,Williams,16,1:16.881,1:17.827,
2026,7,2026_7,Barcelona Grand Prix,2026-06-14,ocon,OCO,Esteban Ocon,haas,Haas F1 Team,17,1:17.073,,
2026,7,2026_7,Barcelona Grand Prix,2026-06-14,albon,ALB,Alexander Albon,williams,Williams,18,1:17.424,,
2026,7,2026_7,Barcelona Grand Prix,2026-06-14,perez,PER,Sergio Pérez,cadillac,Cadillac F1 Team,19,1:17.545,,
2026,7,2026_7,Barcelona Grand Prix,2026-06-14,bottas,BOT,Valtteri Bottas,cadillac,Cadillac F1 Team,20,1:17.757,,
2026,7,2026_7,Barcelona Grand Prix,2026-06-14,stroll,STR,Lance Stroll,aston_martin,Aston Martin,21,1:18.758,,
2026,7,2026_7,Barcelona Grand Prix,2026-06-14,alonso,ALO,Fernando Alonso,aston_martin,Aston Martin,22,1:18.815,,
